2.237029234132930977e+00,2.237029234132930977e+00
7.784526406261245424e-02,7.784526406261245424e-02
1.520707242572803874e+00,1.520707242572803874e+00
-2.463863679514652072e-01,-2.463863679514652072e-01
-1.423675354974219154e+00,-1.423675354974219154e+00
1.476678405704979546e+00,1.476678405704979546e+00
2.845365118940612614e-01,2.845365118940612614e-01
-5.314973634072004405e-01,-5.314973634072004405e-01
4.286927572981776846e-01,4.286927572981776846e-01
-2.154312042652686832e-01,-2.154312042652686832e-01
-5.728099597973965174e-02,-5.728099597973965174e-02
7.927366267241126030e-01,7.927366267241126030e-01
2.164630369627623674e-02,2.164630369627623674e-02
5.374485450024709537e-02,5.374485450024709537e-02
-1.202242754774959677e+00,-1.202242754774959677e+00
-1.752703638588773538e+00,-1.752703638588773538e+00
-6.646324467247736179e-01,-6.646324467247736179e-01
-1.051917793229034226e+00,-1.051917793229034226e+00
-1.354623031697152813e+00,-1.354623031697152813e+00
2.189729200389658459e-01,2.189729200389658459e-01
-1.307311860788198665e-01,-1.307311860788198665e-01
-1.434412051004305688e+00,-1.434412051004305688e+00
3.920290080416525269e-01,3.920290080416525269e-01
1.538357262795374325e+00,1.538357262795374325e+00
8.504805518451729052e-01,8.504805518451729052e-01
-3.328600283161856077e-01,-3.328600283161856077e-01
-1.338573753439477709e+00,-1.338573753439477709e+00
-2.602074306194964715e-01,-2.602074306194964715e-01
1.958429973810039137e-01,1.958429973810039137e-01
5.042540285609644624e-01,5.042540285609644624e-01
3.926007101675931255e-01,3.926007101675931255e-01
7.070661159218966096e-01,7.070661159218966096e-01
-6.347035471531520257e-01,-6.347035471531520257e-01
-3.037287097242223899e-01,-3.037287097242223899e-01
-8.576755378129257146e-01,-8.576755378129257146e-01
3.670138944964345673e-01,3.670138944964345673e-01
-3.435409585588227177e-01,-3.435409585588227177e-01
-1.312300905497645331e+00,-1.312300905497645331e+00
-2.719731779112600223e-01,-2.719731779112600223e-01
5.811873643650887766e-01,5.811873643650887766e-01
5.834741500233908695e-01,5.834741500233908695e-01
-4.100862030408532199e-02,-4.100862030408532199e-02
-5.220267689264096456e-02,-5.220267689264096456e-02
-1.579134412817425392e+00,-1.579134412817425392e+00
-1.775097320348772434e-01,-1.775097320348772434e-01
1.081219224887271180e+00,1.081219224887271180e+00
-4.414875844084319850e-02,-4.414875844084319850e-02
-7.833719895240104369e-01,-7.833719895240104369e-01
-7.502443874583416550e-01,-7.502443874583416550e-01
6.032352514096628315e-01,6.032352514096628315e-01
8.856048992184563096e-01,8.856048992184563096e-01
-1.104011697137044778e-01,-1.104011697137044778e-01
1.879497099839803065e+00,1.879497099839803065e+00
7.832548665208109995e-01,7.832548665208109995e-01
1.367986733806699329e+00,1.367986733806699329e+00
6.322662041492800589e-02,6.322662041492800589e-02
2.236226073147698834e+00,2.236226073147698834e+00
9.424369075037558607e-01,9.424369075037558607e-01
-3.967726810017772054e-01,-3.967726810017772054e-01
1.607749812204993578e+00,1.607749812204993578e+00
-5.132812267756264868e-01,-5.132812267756264868e-01
-2.412595199500529919e+00,-2.412595199500529919e+00
-1.488943383586779357e-01,-1.488943383586779357e-01
1.601299428576557382e+00,1.601299428576557382e+00
2.058200416197073501e+00,2.058200416197073501e+00
2.441051680101107291e-01,2.441051680101107291e-01
-1.038308702236079850e-01,-1.038308702236079850e-01
-5.250441812089291505e-01,-5.250441812089291505e-01
-4.658779943419283365e-01,-4.658779943419283365e-01
-1.017883842910445535e+00,-1.017883842910445535e+00
4.040792156785196765e-01,4.040792156785196765e-01
3.369929276887156239e-02,3.369929276887156239e-02
2.584951342342475811e-01,2.584951342342475811e-01
-5.568582830905395298e-01,-5.568582830905395298e-01
-1.402687234923085113e-01,-1.402687234923085113e-01
-3.368809848952120361e-03,-3.368809848952120361e-03
3.150343150217832511e-01,3.150343150217832511e-01
-2.784849130440879006e-01,-2.784849130440879006e-01
-6.000337674798821297e-01,-6.000337674798821297e-01
1.332973940853784844e+00,1.332973940853784844e+00
1.422420419147439663e+00,1.422420419147439663e+00
6.243628487544418126e-01,6.243628487544418126e-01
-5.852422179074474595e-01,-5.852422179074474595e-01
-2.996180903944300478e-01,-2.996180903944300478e-01
-5.339570378561251385e-01,-5.339570378561251385e-01
-3.546178864328152214e-01,-3.546178864328152214e-01
9.617852940874431489e-02,9.617852940874431489e-02
3.146829003212022607e-02,3.146829003212022607e-02
1.143188116616953520e+00,1.143188116616953520e+00
-5.275596442907685146e-01,-5.275596442907685146e-01
-7.094086730790065687e-01,-7.094086730790065687e-01
3.563915286110816427e-01,3.563915286110816427e-01
-4.185863106172145187e-01,-4.185863106172145187e-01
7.132348434864331788e-01,7.132348434864331788e-01
2.243440552011061184e-01,2.243440552011061184e-01
1.468161552400518044e+00,1.468161552400518044e+00
-2.897347525541943414e-01,-2.897347525541943414e-01
-1.878504247222185231e-01,-1.878504247222185231e-01
3.517064257195997579e-01,3.517064257195997579e-01
4.384645407180600141e-01,4.384645407180600141e-01
-2.918709009077615629e-02,-2.918709009077615629e-02
5.408508063280508676e-02,5.408508063280508676e-02
9.100539077774036922e-01,9.100539077774036922e-01
5.438905786123536812e-01,5.438905786123536812e-01
2.189729200389658459e-01,2.189729200389658459e-01
-1.211663163473895466e+00,-1.211663163473895466e+00
-1.191790507667244370e+00,-1.191790507667244370e+00
4.147545602042247426e-01,4.147545602042247426e-01
-1.170830236241647143e-01,-1.170830236241647143e-01
1.726015260140367769e-01,1.726015260140367769e-01
-5.272194067354935010e-01,-5.272194067354935010e-01
-5.653082105964253312e-01,-5.653082105964253312e-01
1.793335828404846732e-01,1.793335828404846732e-01
1.283573957401082266e+00,1.283573957401082266e+00
7.630586789074488008e-02,7.630586789074488008e-02
1.729361778523901549e-01,1.729361778523901549e-01
-4.123450486916686170e-02,-4.123450486916686170e-02
5.964362687846394007e-01,5.964362687846394007e-01
-1.420423656705749604e-01,-1.420423656705749604e-01
-9.412935203859815747e-01,-9.412935203859815747e-01
-1.179280158036164039e+00,-1.179280158036164039e+00
-2.039136215813814462e-02,-2.039136215813814462e-02
-5.518887255653281976e-01,-5.518887255653281976e-01
-3.940285519191021324e-01,-3.940285519191021324e-01
7.670968267012382436e-01,7.670968267012382436e-01
4.942061519486595778e-01,4.942061519486595778e-01
1.135413078504675516e-01,1.135413078504675516e-01
7.440226812534581624e-01,7.440226812534581624e-01
3.958523913019924567e-01,3.958523913019924567e-01
1.126857176583999420e+00,1.126857176583999420e+00
6.366445152506002847e-01,6.366445152506002847e-01
5.484027812904490595e-01,5.484027812904490595e-01
-4.625035987760440781e-01,-4.625035987760440781e-01
6.842206536090434943e-01,6.842206536090434943e-01
6.821067738754915677e-01,6.821067738754915677e-01
4.574280725474010878e-01,4.574280725474010878e-01
4.750139484071139173e-01,4.750139484071139173e-01
-1.904774365130526836e-01,-1.904774365130526836e-01
-7.941086912654605756e-01,-7.941086912654605756e-01
5.694244042204378298e-01,5.694244042204378298e-01
9.418624239420819722e-01,9.418624239420819722e-01
-9.069583982624028484e-02,-9.069583982624028484e-02
-1.620879216905919407e-01,-1.620879216905919407e-01
1.241051036671777658e-01,1.241051036671777658e-01
2.469608458017805985e-01,2.469608458017805985e-01
-1.731146580713398275e-01,-1.731146580713398275e-01
-1.787083389334109373e+00,-1.787083389334109373e+00
3.532458218914776849e-01,3.532458218914776849e-01
-8.818038816712842065e-02,-8.818038816712842065e-02
6.893017655546083144e-01,6.893017655546083144e-01
8.196145768661462772e-02,8.196145768661462772e-02
7.196322427631587360e-01,7.196322427631587360e-01
2.220015094667392996e-01,2.220015094667392996e-01
9.332284019434695932e-02,9.332284019434695932e-02
-1.365038988778942419e-01,-1.365038988778942419e-01
-4.300090446293281521e-01,-4.300090446293281521e-01
-7.885144529739617214e-01,-7.885144529739617214e-01
9.407022968076596270e-02,9.407022968076596270e-02
-5.545715088549077465e-02,-5.545715088549077465e-02
2.373061796737287732e-01,2.373061796737287732e-01
7.652116301026185008e-01,7.652116301026185008e-01
-7.482448550036299162e-01,-7.482448550036299162e-01
-7.572692546484517395e-01,-7.572692546484517395e-01
1.884137596954936211e-01,1.884137596954936211e-01
4.827834122251770110e-01,4.827834122251770110e-01
3.403952461278809960e-02,3.403952461278809960e-02
-5.757102490768412767e-02,-5.757102490768412767e-02
-1.480443218896666302e+00,-1.480443218896666302e+00
-2.691760530541572050e-01,-2.691760530541572050e-01
9.172209822945665003e-02,9.172209822945665003e-02
-1.857923336215811794e-01,-1.857923336215811794e-01
-1.282597896202489762e+00,-1.282597896202489762e+00
-6.568072056965338357e-01,-6.568072056965338357e-01
6.482178808560851158e-02,6.482178808560851158e-02
3.324193792176597523e-02,3.324193792176597523e-02
3.186373880112202683e-01,3.186373880112202683e-01
5.003135222974407492e-01,5.003135222974407492e-01
1.665443585812277638e-01,1.665443585812277638e-01
5.648564243321554379e-01,5.648564243321554379e-01
4.654206394948123271e-01,4.654206394948123271e-01
-5.536623734549531717e-01,-5.536623734549531717e-01
8.557903412143007538e-01,8.557903412143007538e-01
-2.108074528781784529e-01,-2.108074528781784529e-01
-2.358783379222145760e-01,-2.358783379222145760e-01
4.811826702602867156e-01,4.811826702602867156e-01
-3.626718048846077624e-01,-3.626718048846077624e-01
6.636675284032214628e-02,6.636675284032214628e-02
-5.786774927115504452e-01,-5.786774927115504452e-01
-1.373979768299398829e+00,-1.373979768299398829e+00
3.727782515655709838e-01,3.727782515655709838e-01
-5.886723849721497981e-01,-5.886723849721497981e-01
1.040595476471607717e-01,1.040595476471607717e-01
5.271859609703073019e-02,5.271859609703073019e-02
-2.004165572748443647e-01,-2.004165572748443647e-01
7.255722929041372726e-01,7.255722929041372726e-01
-8.281482158782382808e-02,-8.281482158782382808e-02
1.785973419424645159e-01,1.785973419424645159e-01
-7.325385900255942939e-01,-7.325385900255942939e-01
-5.169233769381436500e-02,-5.169233769381436500e-02
2.880838076733215902e-01,2.880838076733215902e-01
-6.359584829799315164e-01,-6.359584829799315164e-01
-1.791662512099442550e-01,-1.791662512099442550e-01
-1.323040400097556191e+00,-1.323040400097556191e+00
-7.373352473374400473e-01,-7.373352473374400473e-01
-3.885458566252395496e-01,-3.885458566252395496e-01
5.291603805443002573e-01,5.291603805443002573e-01
1.541896191421963991e+00,1.541896191421963991e+00
8.865725989757626824e-01,8.865725989757626824e-01
1.783207021722069241e+00,1.783207021722069241e+00
6.434435035869718877e-01,6.434435035869718877e-01
-2.975097963778102206e-01,-2.975097963778102206e-01
-1.763049877013422861e-01,-1.763049877013422861e-01
-4.848415147485418686e-01,-4.848415147485418686e-01
-3.455265667008075581e-02,-3.455265667008075581e-02
9.629956012924240083e-01,9.629956012924240083e-01
-4.178445068477380508e-01,-4.178445068477380508e-01
7.189462104925004038e-01,7.189462104925004038e-01
1.175961556814469761e-01,1.175961556814469761e-01
-5.099124112153055055e-01,-5.099124112153055055e-01
4.915791458691839977e-01,4.915791458691839977e-01
3.386271725324191406e-01,3.386271725324191406e-01
5.463502644840060318e-01,5.463502644840060318e-01
6.288248542279236686e-01,6.288248542279236686e-01
-5.648898929428069343e-02,-5.648898929428069343e-02
1.896184983176492644e-01,1.896184983176492644e-01
3.140138136768268803e-03,3.140138136768268803e-03
1.435315646378290122e-01,1.435315646378290122e-01
-9.943579626007055527e-02,-9.943579626007055527e-02
7.958209876507041924e-01,7.958209876507041924e-01
-1.823063893467125052e-01,-1.823063893467125052e-01
-7.431637430580547710e-01,-7.431637430580547710e-01
2.022961738679113775e-01,2.022961738679113775e-01
-1.495809252030785297e+00,-1.495809252030785297e+00
1.590091464809324506e-01,1.590091464809324506e-01
-9.256988155396786988e-01,-9.256988155396786988e-01
-1.961274463033696458e-01,-1.961274463033696458e-01
-9.598888917864754552e-03,-9.598888917864754552e-03
-5.465175846918293168e-01,-5.465175846918293168e-01
5.632556823672650870e-01,5.632556823672650870e-01
6.690275206883109504e-01,6.690275206883109504e-01
3.654940197769535049e-02,3.654940197769535049e-02
-1.554518084050670268e+00,-1.554518084050670268e+00
-8.845200764579609354e-01,-8.845200764579609354e-01
-7.473859168082160886e-01,-7.473859168082160886e-01
8.432799915832205340e-01,8.432799915832205340e-01
6.693119810334093867e-01,6.693119810334093867e-01
9.324420152431563968e-01,9.324420152431563968e-01
5.380063171042377690e-02,5.380063171042377690e-02
-1.846489465038068101e-01,-1.846489465038068101e-01
1.460358619971834637e-01,1.460358619971834637e-01
-6.995811010262200647e-01,-6.995811010262200647e-01
2.909896826696049543e-01,2.909896826696049543e-01
-8.511052326114603161e-01,-8.511052326114603161e-01
1.236533288256249502e-01,1.236533288256249502e-01
4.024226965034526926e-01,4.024226965034526926e-01
-2.992890528299053943e-02,-2.992890528299053943e-02
3.526211411252005989e-01,3.526211411252005989e-01
-6.168721853172786165e-03,-6.168721853172786165e-03
1.619228317715925458e+00,1.619228317715925458e+00
1.667730302934219977e-01,1.667730302934219977e-01
-6.551339465047149868e-02,-6.551339465047149868e-02
4.120215854213174489e-01,4.120215854213174489e-01
8.538493674054938865e-01,8.538493674054938865e-01
1.406145296304192882e-01,1.406145296304192882e-01
-4.767875962967492720e-01,-4.767875962967492720e-01
4.032816289874975868e-01,4.032816289874975868e-01
2.996738676046067362e-01,2.996738676046067362e-01
-3.188660654347834633e-01,-3.188660654347834633e-01
2.073828601076703471e-01,2.073828601076703471e-01
1.624839250333162122e-01,1.624839250333162122e-01
2.140647140181357599e-01,2.140647140181357599e-01
8.390243720679042838e-02,8.390243720679042838e-02
6.409280405051325236e-01,6.409280405051325236e-01
6.654858106259827766e-01,6.654858106259827766e-01
2.295980673600469535e-01,2.295980673600469535e-01
-3.106448210638089735e-01,-3.106448210638089735e-01
-6.661718371852826115e-01,-6.661718371852826115e-01
-2.884128966401355160e-02,-2.884128966401355160e-02
7.206027296675570071e-01,7.206027296675570071e-01
-5.589721571127225230e-01,-5.589721571127225230e-01
6.019803098715974243e-02,6.019803098715974243e-02
5.517771711449643846e-01,5.517771711449643846e-01
-4.542823544050696438e-01,-4.542823544050696438e-01
-1.718496788056814051e+00,-1.718496788056814051e+00
1.740293734769199352e-01,1.740293734769199352e-01
4.093889993362787028e-01,4.093889993362787028e-01
-2.500452067283617796e-01,-2.500452067283617796e-01
-3.261726001115259344e-01,-3.261726001115259344e-01
6.207653557705679059e-01,6.207653557705679059e-01
3.979104938253469337e-01,3.979104938253469337e-01
-5.925543268783945994e-01,-5.925543268783945994e-01
-2.142906020100449282e+00,-2.142906020100449282e+00
-4.206444074292104429e-01,-4.206444074292104429e-01
1.394661159385460758e+00,1.394661159385460758e+00
-1.017822491406074503e+00,-1.017822491406074503e+00
4.439974332165361193e-01,4.439974332165361193e-01
-5.104199575556763735e-01,-5.104199575556763735e-01
-7.083824146757797813e-01,-7.083824146757797813e-01
-9.269816513942844005e-02,-9.269816513942844005e-02
-1.289681327749873763e+00,-1.289681327749873763e+00
1.971537104179549582e-01,1.971537104179549582e-01
-1.702043139303749175e+00,-1.702043139303749175e+00
-3.932253909338754294e-01,-3.932253909338754294e-01
-7.016447835551480328e-01,-7.016447835551480328e-01
-3.700396910657315908e-01,-3.700396910657315908e-01
-8.455667658187796532e-01,-8.455667658187796532e-01
2.208926961091281171e+00,2.208926961091281171e+00
-8.156378719585269943e-01,-8.156378719585269943e-01
8.816643929549325964e-01,8.816643929549325964e-01
8.591033795644451576e-01,8.591033795644451576e-01
-1.164432831253563005e+00,-1.164432831253563005e+00
-1.465367220401871062e+00,-1.465367220401871062e+00
1.529519676253959237e-01,1.529519676253959237e-01
6.910531334018229013e-03,6.910531334018229013e-03
1.282430570283307869e+00,1.282430570283307869e+00
7.059785117256731635e-01,7.059785117256731635e-01
1.183435394564970461e-01,1.183435394564970461e-01
1.127704949056928418e+00,1.127704949056928418e+00
-1.933275400105283204e-01,-1.933275400105283204e-01
1.069765826545704818e-01,1.069765826545704818e-01
4.642716666601058861e-01,4.642716666601058861e-01
1.293089186215050923e-01,1.293089186215050923e-01
-9.075942219057410165e-01,-9.075942219057410165e-01
-4.019653416563367387e-01,-4.019653416563367387e-01
-7.077521539039395293e-01,-7.077521539039395293e-01
-1.130281757931748954e-01,-1.130281757931748954e-01
-2.313661352441191699e-01,-2.313661352441191699e-01
-1.838775727027923690e+00,-1.838775727027923690e+00
-5.687941434485768166e-01,-5.687941434485768166e-01
-3.558226307663397980e-01,-3.558226307663397980e-01
9.382593566640035077e-01,9.382593566640035077e-01
8.010805741038496963e-01,8.010805741038496963e-01
7.927366267241230391e-01,7.927366267241230391e-01
-3.492523198535106288e-01,-3.492523198535106288e-01
2.992778585505134759e-01,2.992778585505134759e-01
6.546933316743508424e-01,6.546933316743508424e-01
-3.632630455970572991e-02,-3.632630455970572991e-02
-5.726203138560138628e-01,-5.726203138560138628e-01
7.814867929253751511e-01,7.814867929253751511e-01
-1.072537832810720015e+00,-1.072537832810720015e+00
9.357494792990962429e-01,9.357494792990962429e-01
8.030773251228332521e-01,8.030773251228332521e-01
-4.603674218657568401e-02,-4.603674218657568401e-02
5.814160475000208494e-01,5.814160475000208494e-01
2.229719906597686097e-01,2.229719906597686097e-01
2.913131859195802753e-02,2.913131859195802753e-02
-4.795875083009595863e-01,-4.795875083009595863e-01
8.106181115173330953e-01,8.106181115173330953e-01
-6.268225289147355550e-01,-6.268225289147355550e-01
1.914423491232670749e-01,1.914423491232670749e-01
-4.551357125949202498e-01,-4.551357125949202498e-01
-1.435873361366471201e-01,-1.435873361366471201e-01
5.394955046488162376e-01,5.394955046488162376e-01
-1.181907169827008497e+00,-1.181907169827008497e+00
-1.699360361725455348e+00,-1.699360361725455348e+00
5.101355086332950428e-01,5.101355086332950428e-01
-3.974531332668723715e-01,-3.974531332668723715e-01
-3.162390650666663805e-01,-3.162390650666663805e-01
9.803583797341473005e-01,9.803583797341473005e-01
-1.065749993062726358e-01,-1.065749993062726358e-01
-1.987265580664087511e-02,-1.987265580664087511e-02
-5.261318025392544007e-01,-5.261318025392544007e-01
-7.004456192271866222e-01,-7.004456192271866222e-01
-6.862731704154763079e-01,-6.862731704154763079e-01
2.044155936274126908e-02,2.044155936274126908e-02
-5.514313650068536354e-01,-5.514313650068536354e-01
-9.451141164992139521e-01,-9.451141164992139521e-01
1.349594909814662458e+00,1.349594909814662458e+00
1.597453759562147135e-01,1.597453759562147135e-01
-7.605209414942148971e-01,-7.605209414942148971e-01
1.238206490334378962e-01,1.238206490334378962e-01
6.687988489761478861e-02,6.687988489761478861e-02
1.104519254900143244e+00,1.104519254900143244e+00
-3.506578301600446479e-02,-3.506578301600446479e-02
-4.341754411693127813e-01,-4.341754411693127813e-01
2.115542763681194316e+00,2.115542763681194316e+00
-1.841302287295924489e-01,-1.841302287295924489e-01
-7.863392274473974819e-01,-7.863392274473974819e-01
6.986719713375616481e-01,6.986719713375616481e-01
-5.905464386937501337e-02,-5.905464386937501337e-02
-9.698168468260211228e-02,-9.698168468260211228e-02
1.415292336132822903e-01,1.415292336132822903e-01
-6.528694865801123459e-01,-6.528694865801123459e-01
-1.690542302347868286e-01,-1.690542302347868286e-01
4.147601402097879086e-01,4.147601402097879086e-01
8.281482158782382808e-02,8.281482158782382808e-02
-9.984016161523450172e-01,-9.984016161523450172e-01
2.363914756908657711e-01,2.363914756908657711e-01
2.058378896416085402e-01,2.058378896416085402e-01
-1.915036949162794433e-01,-1.915036949162794433e-01
-1.575757247238550873e-01,-1.575757247238550873e-01
-5.165329079100310361e-01,-5.165329079100310361e-01
2.530124389403849983e-01,2.530124389403849983e-01
-2.276570935512401139e-01,-2.276570935512401139e-01
1.162296654343244612e-01,1.162296654343244612e-01
-2.164072654638715398e-01,-2.164072654638715398e-01
2.824839893762491894e-01,2.824839893762491894e-01
-3.849427893471610851e-01,-3.849427893471610851e-01
-2.362241497716942862e-01,-2.362241497716942862e-01
-9.161055009160080642e-01,-9.161055009160080642e-01
-1.517472290032402804e-01,-1.517472290032402804e-01
1.243990391701429665e+00,1.243990391701429665e+00
1.137649649824262532e+00,1.137649649824262532e+00
-1.847604895014327009e-01,-1.847604895014327009e-01
4.635912143950002839e-01,4.635912143950002839e-01
7.396220272843576637e-01,7.396220272843576637e-01
-3.872909207984600033e-01,-3.872909207984600033e-01
-1.610003117829942598e-01,-1.610003117829942598e-01
6.323052127858705962e-01,6.323052127858705962e-01
-1.140047972768816420e+00,-1.140047972768816420e+00
7.275690325003933978e-01,7.275690325003933978e-01
1.737627640093968084e+00,1.737627640093968084e+00
4.934978053670967257e-02,4.934978053670967257e-02
-1.387683987821313955e-02,-1.387683987821313955e-02
-3.055916034347223170e-02,-3.055916034347223170e-02
-7.453891657892222078e-01,-7.453891657892222078e-01
1.207100763591165915e+00,1.207100763591165915e+00
4.605068477570605223e-01,4.605068477570605223e-01
-3.229766847645810235e-01,-3.229766847645810235e-01
-1.274237220228852940e-01,-1.274237220228852940e-01
2.698063138260078375e-01,2.698063138260078375e-01
4.438301072973646066e-01,4.438301072973646066e-01
5.473207456770456947e-01,5.473207456770456947e-01
-9.205619263839268651e-01,-9.205619263839268651e-01
3.437138587721884631e-01,3.437138587721884631e-01
3.737487327586106467e-01,3.737487327586106467e-01
-2.318234900912247431e-01,-2.318234900912247431e-01
5.494401882819811844e-02,5.494401882819811844e-02
-6.065538583425493513e-02,-6.065538583425493513e-02
-1.108585302721841886e-01,-1.108585302721841886e-01
4.074536112444039349e-01,4.074536112444039349e-01
1.158838592962033037e-01,1.158838592962033037e-01
2.042371419653389031e-01,2.042371419653389031e-01
5.115633503848197039e-01,5.115633503848197039e-01
1.667730360047909310e-01,1.667730360047909310e-01
4.435456526636247787e-01,4.435456526636247787e-01
1.780786413023465742e-01,1.780786413023465742e-01
-5.179663296671084272e-01,-5.179663296671084272e-01
6.102015599538577195e-01,6.102015599538577195e-01
-4.315484408012061346e-01,-4.315484408012061346e-01
-1.900758531647652183e-01,-1.900758531647652183e-01
-8.021068382184245449e-01,-8.021068382184245449e-01
3.200652297627344378e-01,3.200652297627344378e-01
2.036124669104203699e-01,2.036124669104203699e-01
3.201210069729215069e-01,3.201210069729215069e-01
-3.455265667008075581e-02,-3.455265667008075581e-02
-1.372496149337697480e+00,-1.372496149337697480e+00
3.516450742152288367e-01,3.516450742152288367e-01
4.964929261842082608e-01,4.964929261842082608e-01
3.209743651627617878e-01,3.209743651627617878e-01
5.809029097313592738e-01,5.809029097313592738e-01
6.562940793506101267e-01,6.562940793506101267e-01
2.130607185234930506e-02,2.130607185234930506e-02
2.381037720761198240e-01,2.381037720761198240e-01
-6.392157498312474040e-01,-6.392157498312474040e-01
2.807661129854423510e-01,2.807661129854423510e-01
1.145173747604393416e-01,1.145173747604393416e-01
7.084939576734160527e-01,7.084939576734160527e-01
-3.070417480743719563e-01,-3.070417480743719563e-01
-8.949667492714717953e-01,-8.949667492714717953e-01
-3.176669011068220527e-01,-3.176669011068220527e-01
-3.279462480011509085e-01,-3.279462480011509085e-01
1.642575786343101196e-01,1.642575786343101196e-01
9.806428286565286312e-01,9.806428286565286312e-01
-3.824329119822538758e-01,-3.824329119822538758e-01
-4.541150284858981312e-01,-4.541150284858981312e-01
1.148787929202646607e+00,1.148787929202646607e+00
-5.936419367859923080e-01,-5.936419367859923080e-01
-6.504655836299848559e-01,-6.504655836299848559e-01
5.377274367647441045e-01,5.377274367647441045e-01
-3.603906049432533121e-01,-3.603906049432533121e-01
-1.402084828488129986e+00,-1.402084828488129986e+00
-1.453369997116724877e+00,-1.453369997116724877e+00
-3.441154398359408173e+00,-3.441154398359408173e+00
-3.852088368161769250e+00,-3.852088368161769250e+00
8.347129410741457312e-01,8.347129410741457312e-01
9.743625580943505726e-01,9.743625580943505726e-01
1.069910826731244269e+00,1.069910826731244269e+00
-6.317363149411288070e-01,-6.317363149411288070e-01
4.895823948502004419e-01,4.895823948502004419e-01
-1.355334119734959986e-01,-1.355334119734959986e-01
-1.103208547574545451e+00,-1.103208547574545451e+00
8.047896215080768689e-01,8.047896215080768689e-01
1.575026574923366285e+00,1.575026574923366285e+00
-4.569093604845452655e-02,-4.569093604845452655e-02
-8.829751117032784424e-02,-8.829751117032784424e-02
-3.796943571937834161e-01,-3.796943571937834161e-01
8.290071483622831749e-01,8.290071483622831749e-01
-7.300287126606871402e-01,-7.300287126606871402e-01
-4.968889295269429685e-01,-4.968889295269429685e-01
3.614726405566463519e-01,3.614726405566463519e-01
-8.267761456255421360e-01,-8.267761456255421360e-01
5.033978775126632943e-01,5.033978775126632943e-01
8.537322386909359517e-01,8.537322386909359517e-01
2.341994587453227056e-02,2.341994587453227056e-02
6.729708255216645396e-01,6.729708255216645396e-01
1.743082423937276915e-01,1.743082423937276915e-01
-4.420620394132924180e-01,-4.420620394132924180e-01
6.180323809876606678e-01,6.180323809876606678e-01
-8.097034018231116237e-01,-8.097034018231116237e-01
-1.099995920767807694e-01,-1.099995920767807694e-01
-1.029875480478669836e+00,-1.029875480478669836e+00
-3.291454123291123190e-01,-3.291454123291123190e-01
5.104813147714162280e-01,5.104813147714162280e-01
6.193430883132479137e-01,6.193430883132479137e-01
-5.622851954628564908e-01,-5.622851954628564908e-01
-3.712946268925111371e-01,-3.712946268925111371e-01
-8.099878564568514516e-01,-8.099878564568514516e-01
4.934029909634328748e-01,4.934029909634328748e-01
4.009669204558674593e-02,4.009669204558674593e-02
8.401398591578523867e-02,8.401398591578523867e-02
1.184824204834418415e+00,1.184824204834418415e+00
-8.419692785462746798e-01,-8.419692785462746798e-01
-5.734234748412094657e-02,-5.734234748412094657e-02
3.278904707909742200e-01,3.278904707909742200e-01
-9.658010704567321358e-02,-9.658010704567321358e-02
7.146626852379474037e-01,7.146626852379474037e-01
-7.520710254110565263e-01,-7.520710254110565263e-01
2.380479948659431633e-01,2.380479948659431633e-01
8.150131854808705389e-01,8.150131854808705389e-01
-6.334486056150139266e-01,-6.334486056150139266e-01
-2.016659188074192977e-01,-2.016659188074192977e-01
-3.431393752105145190e-01,-3.431393752105145190e-01
2.124026205488641628e-01,2.124026205488641628e-01
5.986672715213803286e-01,5.986672715213803286e-01
1.854465274834704025e-01,1.854465274834704025e-01
3.924278042428532842e-01,3.924278042428532842e-01
4.277947533523904916e-02,4.277947533523904916e-02
1.946996102632243819e-01,1.946996102632243819e-01
5.705677913382122268e-01,5.705677913382122268e-01
4.008219545385623972e-01,4.008219545385623972e-01
2.318848473069749783e-01,2.318848473069749783e-01
1.591206951899272748e-01,1.591206951899272748e-01
3.421131168072981676e-01,3.421131168072981676e-01
9.055918965925632280e-01,9.055918965925632280e-01
-7.807449834445400194e-01,-7.807449834445400194e-01
-7.178586005848923701e-01,-7.178586005848923701e-01
-2.981902429315468894e-01,-2.981902429315468894e-01
2.174279495728936584e-01,2.174279495728936584e-01
-5.477111861483240085e-02,-5.477111861483240085e-02
4.940332460239145740e-01,4.940332460239145740e-01
6.819617794013418943e-02,6.819617794013418943e-02
4.394852248270717521e-01,4.394852248270717521e-01
-9.177787543964371908e-02,-9.177787543964371908e-02
-1.336370210955154826e-02,-1.336370210955154826e-02
-1.721441711669312036e-01,-1.721441711669312036e-01
-6.360756116944894512e-01,-6.360756116944894512e-01
-4.006490543251862713e-01,-4.006490543251862713e-01
2.297096217804107110e-01,2.297096217804107110e-01
-1.991560357311430995e-01,-1.991560357311430995e-01
-9.546572282068915838e-01,-9.546572282068915838e-01
-1.114832053271027218e-01,-1.114832053271027218e-01
-1.235596247117078939e+00,-1.235596247117078939e+00
-1.710498641103839645e+00,-1.710498641103839645e+00
-1.472790878081802646e+00,-1.472790878081802646e+00
1.136617805704114081e+00,1.136617805704114081e+00
-1.337999269877803821e+00,-1.337999269877803821e+00
1.071623123116498322e+00,1.071623123116498322e+00
1.048627029210289635e-01,1.048627029210289635e-01
3.000140937371543193e-01,3.000140937371543193e-01
-4.978594164313411841e-01,-4.978594164313411841e-01
-2.690031014384814539e-02,-2.690031014384814539e-02
-1.550519019141236354e+00,-1.550519019141236354e+00
-4.842670311868679245e-01,-4.842670311868679245e-01
9.366307203826350347e-02,9.366307203826350347e-02
6.216856454703526547e-01,6.216856454703526547e-01
-3.663864208716810511e-01,-3.663864208716810511e-01
-7.083437258752888627e-03,-7.083437258752888627e-03
-1.153149557401029063e-01,-1.153149557401029063e-01
4.494857028046033154e-01,4.494857028046033154e-01
-2.081804467987028451e-01,-2.081804467987028451e-01
2.052634060799345961e-01,2.052634060799345961e-01
8.006789907555518226e-01,8.006789907555518226e-01
-7.067816669995309331e-01,-7.067816669995309331e-01
1.988102353043908754e-01,1.988102353043908754e-01
1.246795872288413154e-01,1.246795872288413154e-01
7.990224715804848943e-01,7.990224715804848943e-01
-2.662088265534925391e-01,-2.662088265534925391e-01
-4.225296097392095551e-01,-4.225296097392095551e-01
-2.929362364839646071e-01,-2.929362364839646071e-01
6.373305532326172251e-01,6.373305532326172251e-01
-4.585101081607941276e-01,-4.585101081607941276e-01
1.063859233592639786e+00,1.063859233592639786e+00
-7.921732860394997688e-02,-7.921732860394997688e-02
6.461820526640836837e-01,6.461820526640836837e-01
-2.849938667411668347e-01,-2.849938667411668347e-01
5.627425560213413780e-01,5.627425560213413780e-01
-7.007858510711031386e-01,-7.007858510711031386e-01
2.827684440099890728e-01,2.827684440099890728e-01
-4.263557801466361652e-01,-4.263557801466361652e-01
-3.116097279626544592e-01,-3.116097279626544592e-01
4.904915302502173557e-01,4.904915302502173557e-01
5.797595283249538101e-01,5.797595283249538101e-01
-1.099895509224411594e+00,-1.099895509224411594e+00
6.028392537782867322e-01,6.028392537782867322e-01
1.597124659172543426e+00,1.597124659172543426e+00
-2.733480295996946197e-01,-2.733480295996946197e-01
-7.449318166534855123e-01,-7.449318166534855123e-01
-9.185596010707490766e-01,-9.185596010707490766e-01
6.025938249153064974e-02,6.025938249153064974e-02
-1.568339095316406973e-01,-1.568339095316406973e-01
-1.128608555853619494e-01,-1.128608555853619494e-01
-7.271674548634644575e-01,-7.271674548634644575e-01
-2.933378141209038725e-01,-2.933378141209038725e-01
4.875242923268355844e-01,4.875242923268355844e-01
-4.814113476838395300e-01,-4.814113476838395300e-01
-1.372064541337522431e-03,-1.372064541337522431e-03
-7.131790662762564903e-01,-7.131790662762564903e-01
-2.725448743258368500e-01,-2.725448743258368500e-01
-1.434144302119020886e-01,-1.434144302119020886e-01
-4.865482311282327554e-01,-4.865482311282327554e-01
7.523024899817116751e-01,7.523024899817116751e-01
5.774169768792076773e-01,5.774169768792076773e-01
2.091509279917425357e-01,2.091509279917425357e-01
9.913237531877864273e-01,9.913237531877864273e-01
1.258229800579949986e-01,1.258229800579949986e-01
5.400086309947399466e-01,5.400086309947399466e-01
-3.016204099962492280e-01,-3.016204099962492280e-01
-9.012135626456634074e-02,-9.012135626456634074e-02
2.008069749006469451e-01,2.008069749006469451e-01
-8.168370305751194715e-01,-8.168370305751194715e-01
7.519036994918746331e-01,7.519036994918746331e-01
-6.708625257936862152e-01,-6.708625257936862152e-01
-1.242222323817357421e-01,-1.242222323817357421e-01
-3.696381077174337726e-01,-3.696381077174337726e-01
-1.875604015056533680e-01,-1.875604015056533680e-01
-3.016761929177948498e-01,-3.016761929177948498e-01
-2.590640377903583591e-01,-2.590640377903583591e-01
7.122643565820349076e-01,7.122643565820349076e-01
-7.539115819652333905e-02,-7.539115819652333905e-02
-3.334289375836549385e-01,-3.334289375836549385e-01
3.837492050247628406e-01,3.837492050247628406e-01
-1.935004459352629713e-01,-1.935004459352629713e-01
-1.523774840637219796e-01,-1.523774840637219796e-01
1.026317058956465744e-01,1.026317058956465744e-01
-1.020070251293591079e-01,-1.020070251293591079e-01
2.741456162907271454e-01,2.741456162907271454e-01
2.180024331345572219e-01,2.180024331345572219e-01
7.903940752783872314e-01,7.903940752783872314e-01
8.824062024357780532e-01,8.824062024357780532e-01
-1.276468194408645340e-01,-1.276468194408645340e-01
4.351570481052132594e-02,4.351570481052132594e-02
4.353244082926606695e-01,4.353244082926606695e-01
-9.201212715740113290e-02,-9.201212715740113290e-02
5.187081334365952756e-01,5.187081334365952756e-01
-2.046387253136471296e-01,-2.046387253136471296e-01
3.867722144469731282e-01,3.867722144469731282e-01
1.385006498968777700e-01,1.385006498968777700e-01
8.224591232035449728e-02,8.224591232035449728e-02
-3.226922358422100734e-01,-3.226922358422100734e-01
1.410105329731539681e-01,1.410105329731539681e-01
7.431637430580547710e-01,7.431637430580547710e-01
7.055825026715695225e-01,7.055825026715695225e-01
7.923963948802065227e-01,7.923963948802065227e-01
6.057167432809033858e-03,6.057167432809033858e-03
5.141903564642849034e-01,5.141903564642849034e-01
2.574688701196726770e-01,2.574688701196726770e-01
7.501914031066205801e-01,7.501914031066205801e-01
-9.085647088101392876e-01,-9.085647088101392876e-01
1.167974552738618721e+00,1.167974552738618721e+00
-1.600741964890313191e-03,-1.600741964890313191e-03
1.468390229824102222e-01,1.468390229824102222e-01
-2.288506835850072918e-01,-2.288506835850072918e-01
-2.991049583371373499e-01,-2.991049583371373499e-01
-1.116633606899847253e+00,-1.116633606899847253e+00
9.471777933167729868e-01,9.471777933167729868e-01
1.348624417198885039e+00,1.348624417198885039e+00
5.988346031519207191e-01,5.988346031519207191e-01
-5.406946689767673231e-01,-5.406946689767673231e-01
8.159836723852791351e-01,8.159836723852791351e-01
2.928804649851464714e-01,2.928804649851464714e-01
-2.758635383724439630e-02,-2.758635383724439630e-02
2.300498479129687024e-01,2.300498479129687024e-01
-2.610663631035465282e-01,-2.610663631035465282e-01
-2.301111994173396236e-01,-2.301111994173396236e-01
1.440948881883766242e-01,1.440948881883766242e-01
6.442466645721985907e-01,6.442466645721985907e-01
3.480364269315871801e-03,3.480364269315871801e-03
-1.069710083603658685e-01,-1.069710083603658685e-01
-2.608990371843646350e-01,-2.608990371843646350e-01
-1.055236411584736578e+00,-1.055236411584736578e+00
5.002633250928272268e-01,5.002633250928272268e-01
7.253436097692155249e-01,7.253436097692155249e-01
-5.168229425493340301e-01,-5.168229425493340301e-01
-2.658630147040128566e-01,-2.658630147040128566e-01
6.747946649045548639e-01,6.747946649045548639e-01
-8.921222086454939915e-02,-8.921222086454939915e-02
-2.107182584596083846e-02,-2.107182584596083846e-02
1.382719724733146027e-01,1.382719724733146027e-01
-7.602978440762148127e-01,-7.602978440762148127e-01
6.416140784871597891e-01,6.416140784871597891e-01
1.984142262502976706e-01,1.984142262502976706e-01
-2.784849130440879006e-01,-2.784849130440879006e-01
-4.442316849342935470e-01,-4.442316849342935470e-01
-5.680523396791004043e-01,-5.680523396791004043e-01
3.507136302156763086e-02,3.507136302156763086e-02
-1.895069496086544403e-01,-1.895069496086544403e-01
-4.304664051878026587e-01,-4.304664051878026587e-01
-2.574075186152913752e-01,-2.574075186152913752e-01
-4.358375346385844340e-01,-4.358375346385844340e-01
-3.534744993150304992e-01,-3.534744993150304992e-01
-6.263093968574532378e-01,-6.263093968574532378e-01
5.920969720312890816e-01,5.920969720312890816e-01
-3.683943661699837918e-02,-3.683943661699837918e-02
-1.011765318261896640e+00,-1.011765318261896640e+00
4.503948324932616765e-01,4.503948324932616765e-01
4.134494271728316739e-01,4.134494271728316739e-01
-7.897136115905437626e-01,-7.897136115905437626e-01
-1.953856425338931502e-01,-1.953856425338931502e-01
1.204468177506137438e+00,1.204468177506137438e+00
-1.683124264652999524e-01,-1.683124264652999524e-01
1.347525652991529883e-02,1.347525652991529883e-02
-7.616643343233581165e-01,-7.616643343233581165e-01
4.499988291505270244e-01,4.499988291505270244e-01
-1.494660233505168967e-01,-1.494660233505168967e-01
4.399425853855566948e-01,4.399425853855566948e-01
6.574932379672026039e-01,6.574932379672026039e-01
-1.755074124330580354e-01,-1.755074124330580354e-01
2.643180499493096303e-01,2.643180499493096303e-01
3.137291819903901824e-01,3.137291819903901824e-01
-9.493418588322108942e-01,-9.493418588322108942e-01
3.512156022618114631e-02,3.512156022618114631e-02
7.899422890141070130e-01,7.899422890141070130e-01
-2.633140658773736043e-02,-2.633140658773736043e-02
1.669604362367209882e+00,1.669604362367209882e+00
-5.148206115247769832e-01,-5.148206115247769832e-01
-1.471234776161500779e-01,-1.471234776161500779e-01
-7.408211916123086382e-01,-7.408211916123086382e-01
-5.482689582504024842e-03,-5.482689582504024842e-03
-5.882150244136753470e-01,-5.882150244136753470e-01
2.304514255498976150e-01,2.304514255498976150e-01
-9.026246643805296843e-01,-9.026246643805296843e-01
3.150956722375231056e-01,3.150956722375231056e-01
-6.570305201460236756e-03,-6.570305201460236756e-03
-5.214411253535678609e-02,-5.214411253535678609e-02
-1.162776317789854685e+00,-1.162776317789854685e+00
-4.814113476838395300e-01,-4.814113476838395300e-01
-4.969447010257611042e-01,-4.969447010257611042e-01
-1.576761077103754072e-02,-1.576761077103754072e-02
7.945660461125660934e-01,7.945660461125660934e-01
6.367616439651582194e-01,6.367616439651582194e-01
-3.307461542940130506e-01,-3.307461542940130506e-01
1.206247393978618909e-01,1.206247393978618909e-01
1.190797689317897035e-01,1.190797689317897035e-01
-5.892970600270683867e-01,-5.892970600270683867e-01
8.195253881589659173e-01,8.195253881589659173e-01
1.765950223406556885e-01,1.765950223406556885e-01
1.000972845021633528e+00,1.000972845021633528e+00
-1.060618729603489269e-01,-1.060618729603489269e-01
3.490236481413163672e-01,3.490236481413163672e-01
-3.440540849047360461e-01,-3.440540849047360461e-01
2.399945372575753022e-01,2.399945372575753022e-01
2.660359206287579159e-01,2.660359206287579159e-01
3.900908784935802620e-02,3.900908784935802620e-02
8.744638326929802252e-01,8.744638326929802252e-01
4.691352554818856158e-01,4.691352554818856158e-01
-2.125197435520636002e-01,-2.125197435520636002e-01
-8.258614416426064697e-02,-8.258614416426064697e-02
-3.999128191385454834e-01,-3.999128191385454834e-01
-6.122429510173466038e-02,-6.122429510173466038e-02
-5.298966157309411562e-01,-5.298966157309411562e-01
9.332284019434695932e-02,9.332284019434695932e-02
-9.727618104181017245e-01,-9.727618104181017245e-01
-1.792220284201209435e-01,-1.792220284201209435e-01
-3.783780641512640153e-01,-3.783780641512640153e-01
7.483619780068189176e-01,7.483619780068189176e-01
1.817374857906017271e-01,1.817374857906017271e-01
-2.390798332747226806e-01,-2.390798332747226806e-01
9.069583982624028484e-02,9.069583982624028484e-02
7.013547546272035360e-01,7.013547546272035360e-01
8.447691848391160052e-01,8.447691848391160052e-01
6.299236298579646842e-02,6.299236298579646842e-02
4.381131945539790823e-02,4.381131945539790823e-02
-3.477687066031782681e-01,-3.477687066031782681e-01
-2.397602912511972162e-01,-2.397602912511972162e-01
-2.281702256085327563e-01,-2.281702256085327563e-01
-5.118533793127537646e-01,-5.118533793127537646e-01
-4.879816528853101465e-01,-4.879816528853101465e-01
7.443071358871981014e-01,7.443071358871981014e-01
-9.814404096361818430e-01,-9.814404096361818430e-01
-7.762885579766213295e-01,-7.762885579766213295e-01
5.315587092002127534e-01,5.315587092002127534e-01
-5.136270272023787387e-01,-5.136270272023787387e-01
6.905622813869509713e-01,6.905622813869509713e-01
7.922234889554614634e-01,7.922234889554614634e-01
6.235094905645911512e-01,6.235094905645911512e-01
3.282362769290954052e-01,3.282362769290954052e-01
-3.970013584253299643e-01,-3.970013584253299643e-01
1.093788133164261378e+00,1.093788133164261378e+00
-9.687627397972989884e-01,-9.687627397972989884e-01
3.182358103742913835e-01,3.182358103742913835e-01
6.099728825303049051e-01,6.099728825303049051e-01
1.178248331050101572e-01,1.178248331050101572e-01
6.711414004218525520e-01,6.711414004218525520e-01
-2.764881734478318309e-01,-2.764881734478318309e-01
-6.413575010357080997e-02,-6.413575010357080997e-02
2.340489185337610578e-01,2.340489185337610578e-01
-9.260390359608676736e-01,-9.260390359608676736e-01
-7.181486238014574974e-01,-7.181486238014574974e-01
-2.364472529010528401e-01,-2.364472529010528401e-01
5.276879330164424564e-02,5.276879330164424564e-02
-2.869961920543550038e-01,-2.869961920543550038e-01
2.487344936914055726e-01,2.487344936914055726e-01
1.110916659888237623e+00,1.110916659888237623e+00
1.387516376333685075e+00,1.387516376333685075e+00
3.264068575406419148e-01,3.264068575406419148e-01
8.744415298048759111e-02,8.744415298048759111e-02
-5.421782822270996283e-01,-5.421782822270996283e-01
2.484779333741541502e-02,2.484779333741541502e-02
-2.964445064925068027e-02,-2.964445064925068027e-02
4.368024472487884169e-01,4.368024472487884169e-01
2.137802593843959043e-01,2.137802593843959043e-01
8.870913110386184908e-01,8.870913110386184908e-01
6.539068593035035626e-02,6.539068593035035626e-02
2.131500043239142328e-01,2.131500043239142328e-01
-4.218435774685407869e-01,-4.218435774685407869e-01
5.462944872738293434e-01,5.462944872738293434e-01
4.280680708205212848e-01,4.280680708205212848e-01
1.277025966510516031e-01,1.277025966510516031e-01
1.097268503144946283e+00,1.097268503144946283e+00
-2.673466393770726479e-01,-2.673466393770726479e-01
1.008229182493762588e+00,1.008229182493762588e+00
3.867164372367964398e-01,3.867164372367964398e-01
2.996738618932481835e-01,2.996738618932481835e-01
6.345362212339804575e-01,6.345362212339804575e-01
7.949676294608639671e-01,7.949676294608639671e-01
-1.139306168999340008e+00,-1.139306168999340008e+00
-7.912530077624321256e-01,-7.912530077624321256e-01
1.310418501757491638e+00,1.310418501757491638e+00
8.625837381223920852e-01,8.625837381223920852e-01
-6.181997069068321249e-01,-6.181997069068321249e-01
-8.308309934565216714e-01,-8.308309934565216714e-01
7.483564037126143598e-01,7.483564037126143598e-01
-1.082304047647766554e+00,-1.082304047647766554e+00
-7.681175050989018649e-01,-7.681175050989018649e-01
2.034328689769629772e+00,2.034328689769629772e+00
1.174031725882786370e+00,1.174031725882786370e+00
-1.438411127336477247e+00,-1.438411127336477247e+00
9.307241445637081112e-01,9.307241445637081112e-01
8.197540655825291678e-01,8.197540655825291678e-01
7.780008543618650574e-01,7.780008543618650574e-01
3.451974720225208237e-01,3.451974720225208237e-01
-8.505363290553495936e-01,-8.505363290553495936e-01
7.508160838729081021e-01,7.508160838729081021e-01
9.687627397972989884e-01,9.687627397972989884e-01
-1.292771262970659585e+00,-1.292771262970659585e+00
8.521370767316087669e-01,8.521370767316087669e-01
-4.621633726434861145e-01,-4.621633726434861145e-01
-9.479753742964365237e-01,-9.479753742964365237e-01
1.860762256856747454e+00,1.860762256856747454e+00
-6.561769506360520809e-01,-6.561769506360520809e-01
-1.776268607494352336e-01,-1.776268607494352336e-01
-1.246740072232781493e-01,-1.246740072232781493e-01
3.882558276973054889e-01,3.882558276973054889e-01
1.317842159437423222e+00,1.317842159437423222e+00
2.120066114947709301e-01,2.120066114947709301e-01
4.482809584710787387e-01,4.482809584710787387e-01
1.291856558987806824e+00,1.291856558987806824e+00
1.670574849271618534e-01,1.670574849271618534e-01
1.693933449353138387e+00,1.693933449353138387e+00
4.027071454258236427e-01,4.027071454258236427e-01
-1.035525495980355926e+00,-1.035525495980355926e+00
4.561675510036998227e-01,4.561675510036998227e-01
6.026607735593577653e-01,6.026607735593577653e-01
-4.125849146832236136e-01,-4.125849146832236136e-01
2.294251671466708553e-01,2.294251671466708553e-01
-5.339570378561355746e-01,-5.339570378561355746e-01
5.197678661618528734e-02,5.197678661618528734e-02
-2.616966238753971608e-01,-2.616966238753971608e-01
8.447134076290120641e-02,8.447134076290120641e-02
-1.110872019843784364e-01,-1.110872019843784364e-01
3.456492582868010977e-01,3.456492582868010977e-01
1.293736175580863623e+00,1.293736175580863623e+00
-7.528741863962833403e-01,-7.528741863962833403e-01
1.528593835105424903e+00,1.528593835105424903e+00
7.042104381302424221e-01,7.042104381302424221e-01
-1.270148898075790900e+00,-1.270148898075790900e+00
-1.838775727027923690e+00,-1.838775727027923690e+00
1.751047119413706721e+00,1.751047119413706721e+00
-3.328600283161856077e-01,-3.328600283161856077e-01
-2.164630369626584921e-02,-2.164630369626584921e-02
1.534874105667582089e+00,1.534874105667582089e+00
4.814503620319548344e-02,4.814503620319548344e-02
8.091902697658085453e-01,8.091902697658085453e-01
1.143701242962877229e+00,1.143701242962877229e+00
5.223056321318381157e-01,5.223056321318381157e-01
1.348797323123640313e+00,1.348797323123640313e+00
9.752159162842012341e-01,9.752159162842012341e-01
4.699886136717362772e-01,4.699886136717362772e-01
1.772007390839303698e+00,1.772007390839303698e+00
3.601563475141270065e-01,3.601563475141270065e-01
7.983364450211850594e-01,7.983364450211850594e-01
1.049235009939387009e+00,1.049235009939387009e+00
-1.254386867310326892e+00,-1.254386867310326892e+00
1.908684195641953352e+00,1.908684195641953352e+00
2.387172642742284995e-02,2.387172642742284995e-02
1.004631689509909442e+00,1.004631689509909442e+00
1.709355253986054812e+00,1.709355253986054812e+00
-5.758374235147789122e+00,-5.758374235147789122e+00
3.135138908688273052e+00,3.135138908688273052e+00
-2.396771817230684665e+00,-2.396771817230684665e+00
-1.534472528030653260e+00,-1.534472528030653260e+00
-1.444234043051518590e+00,-1.444234043051518590e+00
-2.083282472674973906e+00,-2.083282472674973906e+00
2.171178400496993177e+00,2.171178400496993177e+00
-3.663613256961894216e+00,-3.663613256961894216e+00
-1.250103342055773892e+00,-1.250103342055773892e+00
-2.108174877500070377e+00,-2.108174877500070377e+00
-4.827834179365355638e-01,-4.827834179365355638e-01
2.460344243783707974e+00,2.460344243783707974e+00
1.244676423972098434e+00,1.244676423972098434e+00
-7.495053708359622480e-01,-7.495053708359622480e-01
-1.793252111187282116e+00,-1.793252111187282116e+00
3.596276017217163723e+00,3.596276017217163723e+00
-1.918561959187974120e+00,-1.918561959187974120e+00
4.062488669108793582e-01,4.062488669108793582e-01
-1.051064429327830174e+00,-1.051064429327830174e+00
2.371360694631353017e+00,2.371360694631353017e+00
2.072082836080860080e+00,2.072082836080860080e+00
1.270383155504896333e+00,1.270383155504896333e+00
1.032842712690703602e+00,1.032842712690703602e+00
1.943125297891649561e+00,1.943125297891649561e+00
-1.117314053453583922e+00,-1.117314053453583922e+00
9.673906695445925186e-01,9.673906695445925186e-01
-1.082649848074518806e+00,-1.082649848074518806e+00
1.141760269154070473e+00,1.141760269154070473e+00
-5.887281564709679893e-01,-5.887281564709679893e-01
8.764103807959813253e-01,8.764103807959813253e-01
1.510712350312204411e+00,1.510712350312204411e+00
-7.981077675976218089e-01,-7.981077675976218089e-01
-1.225997352487834924e+00,-1.225997352487834924e+00
9.382593509526241382e-01,9.382593509526241382e-01
1.574641760148810521e-01,1.574641760148810521e-01
-2.329211480067985285e+00,-2.329211480067985285e+00
-2.513687514935657230e+00,-2.513687514935657230e+00
-1.513908259947790880e+00,-1.513908259947790880e+00
5.674220846186186495e-01,5.674220846186186495e-01
-3.372551079910919847e-01,-3.372551079910919847e-01
2.879443680746856415e+00,2.879443680746856415e+00
7.970201519786760391e-01,7.970201519786760391e-01
-4.632509882624630815e-01,-4.632509882624630815e-01
-4.634740856804527298e-01,-4.634740856804527298e-01
-2.150218123360017053e+00,-2.150218123360017053e+00
-6.052877796388334009e-01,-6.052877796388334009e-01
-1.163919704907639296e+00,-1.163919704907639296e+00
1.294539342277469585e+00,1.294539342277469585e+00
1.372897726974626531e+00,1.372897726974626531e+00
-5.203088811128545599e-01,-5.203088811128545599e-01
-1.787825193103575350e+00,-1.787825193103575350e+00
7.831990835992602706e-01,7.831990835992602706e-01
-2.100656376859536822e-01,-2.100656376859536822e-01
-1.151866715835054400e+00,-1.151866715835054400e+00
-6.695462270397875004e-01,-6.695462270397875004e-01
1.540412572460262863e+00,1.540412572460262863e+00
-1.523334248652279399e+00,-1.523334248652279399e+00
5.592566117464519149e-01,5.592566117464519149e-01
1.086816250325872257e+00,1.086816250325872257e+00
7.224321490560000614e-01,7.224321490560000614e-01
1.513685156818432187e+00,1.513685156818432187e+00
-2.957919199869930016e-01,-2.957919199869930016e-01
3.041860702827021146e-01,3.041860702827021146e-01
1.011196414705806568e+00,1.011196414705806568e+00
1.102410955172154372e+00,1.102410955172154372e+00
-6.501811232848968558e-01,-6.501811232848968558e-01
-4.637641203197453432e-01,-4.637641203197453432e-01
-2.595269669316685457e-01,-2.595269669316685457e-01
-6.646882239349606314e-01,-6.646882239349606314e-01
4.968331523167662800e-01,4.968331523167662800e-01
-9.136513950499086656e-01,-9.136513950499086656e-01
1.433157115177536411e+00,1.433157115177536411e+00
-1.561317066675703913e+00,-1.561317066675703913e+00
1.757561647404990213e+00,1.757561647404990213e+00
1.595010785150360544e+00,1.595010785150360544e+00
1.590649179797609669e-01,1.590649179797609669e-01
6.027165450581655204e-01,6.027165450581655204e-01
-4.376613854442022444e-01,-4.376613854442022444e-01
1.179057060618195152e+00,1.179057060618195152e+00
-2.883124850968743491e-01,-2.883124850968743491e-01
1.966461583662150736e-01,1.966461583662150736e-01
3.029869059547614651e-01,3.029869059547614651e-01
6.130014662466990449e-01,6.130014662466990449e-01
-2.511116286066368719e+00,-2.511116286066368719e+00
5.391496985106847273e-01,5.391496985106847273e-01
-1.013706286359334463e+00,-1.013706286359334463e+00
1.546029125062790832e-01,1.546029125062790832e-01
1.004916138432249362e+00,1.004916138432249362e+00
5.334327686331819668e-02,5.334327686331819668e-02
-4.051612570032817051e-01,-4.051612570032817051e-01
-9.390067404390535222e-01,-9.390067404390535222e-01
1.143528337038132170e+00,1.143528337038132170e+00
-1.881265167723870091e+00,-1.881265167723870091e+00
1.401058564373555138e+00,1.401058564373555138e+00
1.050300288401900678e-01,1.050300288401900678e-01
1.359874256709012297e+00,1.359874256709012297e+00
7.869137052976921121e-01,7.869137052976921121e-01
2.105096096579052389e+00,2.105096096579052389e+00
1.250276242269150018e+00,1.250276242269150018e+00
-8.944591915083732747e-01,-8.944591915083732747e-01
4.553086128082859951e-01,4.553086128082859951e-01
1.717876390806842308e-03,1.717876390806842308e-03
1.923587288212003532e+00,1.923587288212003532e+00
-4.951710645589155191e-02,-4.951710645589155191e-02
-1.616361411376182611e-02,-1.616361411376182611e-02
-4.993486096872367108e-01,-4.993486096872367108e-01
-9.649091833847208560e-03,-9.649091833847208560e-03
5.014569094152045992e-01,5.014569094152045992e-01
-1.298421284183693514e+00,-1.298421284183693514e+00
-9.462017264068115496e-01,-9.462017264068115496e-01
-1.382095038255572783e+00,-1.382095038255572783e+00
2.536187176821794509e+00,2.536187176821794509e+00
4.418891391999267282e-01,4.418891391999267282e-01
-7.084381861746082976e-01,-7.084381861746082976e-01
-7.573808147801844859e-01,-7.573808147801844859e-01
-3.451417005237130686e-01,-3.451417005237130686e-01
5.223614036306561959e-01,5.223614036306561959e-01
-6.746831104841807258e-01,-6.746831104841807258e-01
-9.697611609977682678e-02,-9.697611609977682678e-02
3.062374756571215162e+00,3.062374756571215162e+00
-1.070267798591839903e-01,-1.070267798591839903e-01
4.553643900184626836e-01,4.553643900184626836e-01
2.272555159143216097e-01,2.272555159143216097e-01
-1.782688315370561494e+00,-1.782688315370561494e+00
6.183670328260140181e-01,6.183670328260140181e-01
3.381140404751368789e-01,3.381140404751368789e-01
-1.243533036854324036e+00,-1.243533036854324036e+00
7.248248977063597165e-01,7.248248977063597165e-01
-1.455595425559261136e+00,-1.455595425559261136e+00
-4.643274552929996940e-02,-4.643274552929996940e-02
1.119885293745610300e+00,1.119885293745610300e+00
-8.549369830244397672e-01,-8.549369830244397672e-01
2.177179842121966802e-01,2.177179842121966802e-01
8.659581336882866687e-01,8.659581336882866687e-01
-2.439093943430187039e+00,-2.439093943430187039e+00
-2.182428228584372132e+00,-2.182428228584372132e+00
-3.016204157076181613e-01,-3.016204157076181613e-01
7.179199520892840525e-01,7.179199520892840525e-01
-2.949329875029584880e-01,-2.949329875029584880e-01
1.489066040904569510e+00,1.489066040904569510e+00
-2.049845314517579065e-01,-2.049845314517579065e-01
-1.414360920690094447e+00,-1.414360920690094447e+00
1.228005257806586314e+00,1.228005257806586314e+00
-1.618648299839712534e-01,-1.618648299839712534e-01
-4.713550982074794504e-01,-4.713550982074794504e-01
1.056770216328303036e+00,1.056770216328303036e+00
1.135820230435829803e+00,1.135820230435829803e+00
-6.055164570623757792e-01,-6.055164570623757792e-01
2.477584324927923354e-01,2.477584324927923354e-01
-5.894308944900086833e-02,-5.894308944900086833e-02
-1.499919871360582802e+00,-1.499919871360582802e+00
-6.452673486812311454e-01,-6.452673486812311454e-01
2.010401186131999030e+00,2.010401186131999030e+00
1.588306662619931864e-01,1.588306662619931864e-01
1.981844351101714974e+00,1.981844351101714974e+00
-4.753541802510408698e-01,-4.753541802510408698e-01
-1.031504065357541217e-01,-1.031504065357541217e-01
-1.003315396467379772e+00,-1.003315396467379772e+00
-8.914306077919688098e-01,-8.914306077919688098e-01
-1.835858692020534866e+00,-1.835858692020534866e+00
-1.553263148223890555e+00,-1.553263148223890555e+00
1.354107112492757947e+00,1.354107112492757947e+00
2.467489312403930643e-02,2.467489312403930643e-02
3.028697772401827137e-01,3.028697772401827137e-01
5.946124294017594014e-01,5.946124294017594014e-01
6.814207416048229105e-01,6.814207416048229105e-01
-1.229829102900845461e+00,-1.229829102900845461e+00
1.545382129985484632e+00,1.545382129985484632e+00
1.503746041767999087e+00,1.503746041767999087e+00
1.768794769743955719e-01,1.768794769743955719e-01
1.563207831857273689e-01,1.563207831857273689e-01
6.356740340575501858e-01,6.356740340575501858e-01
-2.078737121224175782e-02,-2.078737121224175782e-02
-1.597754919944394114e+00,-1.597754919944394114e+00
2.769455225835580903e-01,2.769455225835580903e-01
-2.608611102806253079e+00,-2.608611102806253079e+00
-8.028430676937172716e-01,-8.028430676937172716e-01
1.036724660308306900e+00,1.036724660308306900e+00
3.319453186219537000e-01,3.319453186219537000e-01
1.536815079476399282e+00,1.536815079476399282e+00
-6.047188703713433089e-01,-6.047188703713433089e-01
4.731287518084941190e-01,4.731287518084941190e-01
-1.105322415885359622e+00,-1.105322415885359622e+00
-4.563348826342506492e-01,-4.563348826342506492e-01
-9.080176855008935746e-03,-9.080176855008935746e-03
6.012887033066512954e-01,6.012887033066512954e-01
-9.210137069368381502e-01,-9.210137069368381502e-01
-9.129040112748689761e-01,-9.129040112748689761e-01
-1.966405783606622881e-01,-1.966405783606622881e-01
4.084185124318804316e-01,4.084185124318804316e-01
1.110576433755679604e+00,1.110576433755679604e+00
1.008580522946526531e-01,1.008580522946526531e-01
-6.002066619818997584e-01,-6.002066619818997584e-01
-1.100865990417451146e+00,-1.100865990417451146e+00
2.417626108530164242e-01,2.417626108530164242e-01
-2.378193174423903489e-01,-2.378193174423903489e-01
-6.781690547590494278e-01,-6.781690547590494278e-01
1.248335268460322389e+00,1.248335268460322389e+00
1.272603003941900734e+00,1.272603003941900734e+00
3.263455060362813742e-01,3.263455060362813742e-01
-3.500499122559120879e-01,-3.500499122559120879e-01
6.969039034534998400e-01,6.969039034534998400e-01
-1.235362001110565933e-01,-1.235362001110565933e-01
2.580377793871420078e-01,2.580377793871420078e-01
1.494102518516987610e-01,1.494102518516987610e-01
3.744347650292690344e-01,3.744347650292690344e-01
-4.201814782879002563e-01,-4.201814782879002563e-01
-7.459636493508960964e-01,-7.459636493508960964e-01
-3.311421576367477027e-01,-3.311421576367477027e-01
-6.348764530778866488e-01,-6.348764530778866488e-01
1.248619728805451912e+00,1.248619728805451912e+00
-4.947192840059522756e-01,-4.947192840059522756e-01
2.678597657229859763e-01,2.678597657229859763e-01
7.451047168668720744e-01,7.451047168668720744e-01
1.252217216077956774e+00,1.252217216077956774e+00
3.419402165939324223e-01,3.419402165939324223e-01
-6.794797735073953016e-01,-6.794797735073953016e-01
-1.861771997986133229e-02,-1.861771997986133229e-02
1.307311860788250568e-01,1.307311860788250568e-01
-1.677992944080176907e-01,-1.677992944080176907e-01
-7.499013741786969556e-01,-7.499013741786969556e-01
1.153093757345293596e-01,1.153093757345293596e-01
1.294143338934734988e+00,1.294143338934734988e+00
1.662543239419351226e-01,1.662543239419351226e-01
-7.380268596136718706e-01,-7.380268596136718706e-01
-6.279603417383156083e-01,-6.279603417383156083e-01
7.080923857478560457e-01,7.080923857478560457e-01
-1.231998754133205143e+00,-1.231998754133205143e+00
5.516600481417753832e-01,5.516600481417753832e-01
8.866897276903206171e-01,8.866897276903206171e-01
8.698679242200269002e-02,8.698679242200269002e-02
3.039016156489622311e-01,3.039016156489622311e-01
-1.420931220180175369e+00,-1.420931220180175369e+00
2.377635402322136882e-01,2.377635402322136882e-01
4.609642083155142678e-01,4.609642083155142678e-01
4.040234384683430435e-01,4.040234384683430435e-01
-9.640720683230749599e-02,-9.640720683230749599e-02
-4.466467193384844603e-02,-4.466467193384844603e-02
4.827276407263484947e-01,4.827276407263484947e-01
7.870810312168635692e-01,7.870810312168635692e-01
2.975599878710651902e-01,2.975599878710651902e-01
6.618938919363031026e-01,6.618938919363031026e-01
-1.263584172879893774e+00,-1.263584172879893774e+00
-2.106903184522411487e-01,-2.106903184522411487e-01
1.840186800205872442e-01,1.840186800205872442e-01
-1.409965841015177634e+00,-1.409965841015177634e+00
-6.926761496977545951e-01,-6.926761496977545951e-01
-4.282911739498902470e-01,-4.282911739498902470e-01
-2.346847593111956454e-01,-2.346847593111956454e-01
8.115328269229340474e-01,8.115328269229340474e-01
-3.025351254018397440e-01,-3.025351254018397440e-01
9.858968408154797913e-01,9.858968408154797913e-01
1.871643981629083076e-01,1.871643981629083076e-01
7.708112313681802358e-03,7.708112313681802358e-03
7.621272691760372364e-01,7.621272691760372364e-01
1.941251267015504378e-01,1.941251267015504378e-01
2.573015442004907838e-01,2.573015442004907838e-01
4.972849328696776205e-01,4.972849328696776205e-01
-3.031598061681168299e-01,-3.031598061681168299e-01
-4.242976776232713632e-01,-4.242976776232713632e-01
-3.334847090824626936e-01,-3.334847090824626936e-01
1.546921520445972753e+00,1.546921520445972753e+00
-5.493174909846498810e-01,-5.493174909846498810e-01
5.199017177589624339e-01,5.199017177589624339e-01
-6.126612344027825285e-01,-6.126612344027825285e-01
1.098640561974904450e+00,1.098640561974904450e+00
2.358727750506231513e-02,2.358727750506231513e-02
3.612439631330935930e-01,3.612439631330935930e-01
-2.983073773574634324e-01,-2.983073773574634324e-01
2.975097963778102206e-01,2.975097963778102206e-01
5.044241416272590151e-01,5.044241416272590151e-01
8.079911054378575708e-01,8.079911054378575708e-01
5.906691302797748566e-01,5.906691302797748566e-01
1.265815181328003636e+00,1.265815181328003636e+00
-1.366388784700285353e+00,-1.366388784700285353e+00
1.434010473367366201e+00,1.434010473367366201e+00
-4.929512046991317842e-01,-4.929512046991317842e-01
6.107202663053341585e-01,6.107202663053341585e-01
-2.219725014337096791e+00,-2.219725014337096791e+00
4.380573944982434770e-02,4.380573944982434770e-02
-1.505971470210566654e+00,-1.505971470210566654e+00
-1.548929414341923827e-01,-1.548929414341923827e-01
-1.168487684795911363e+00,-1.168487684795911363e+00
-5.048759336028978834e-02,-5.048759336028978834e-02
1.514627800808693581e-01,1.514627800808693581e-01
1.670290394637868214e+00,1.670290394637868214e+00
-4.403441630224648184e-01,-4.403441630224648184e-01
3.174939951820666129e-01,3.174939951820666129e-01
1.488207108420545488e+00,1.488207108420545488e+00
2.851723469600956906e-01,2.851723469600956906e-01
-2.341660472483294286e-01,-2.341660472483294286e-01
4.518226742447759015e-01,4.518226742447759015e-01
8.801807797046106163e-01,8.801807797046106163e-01
1.260154005815181000e+00,1.260154005815181000e+00
3.003598998752650684e-01,3.003598998752650684e-01
1.188087045979949075e+00,1.188087045979949075e+00
-3.393801420244012546e-01,-3.393801420244012546e-01
-1.003884300023469844e+00,-1.003884300023469844e+00
6.352222535046389007e-01,6.352222535046389007e-01
2.191045482009429612e+00,2.191045482009429612e+00
-3.490738453459298896e-01,-3.490738453459298896e-01
1.876407158907653638e+00,1.876407158907653638e+00
-7.947835692363511839e-01,-7.947835692363511839e-01
-1.099672400383704840e+00,-1.099672400383704840e+00
1.116404923764946266e+00,1.116404923764946266e+00
1.335255123660928633e-01,1.335255123660928633e-01
-6.966082945199921772e-01,-6.966082945199921772e-01
4.100136858139351026e-01,4.100136858139351026e-01
7.589313538290923811e-01,7.589313538290923811e-01
-8.134124435159906241e-01,-8.134124435159906241e-01
7.706887396795489842e-01,7.706887396795489842e-01
3.404510461835126567e-02,3.404510461835126567e-02
1.662520930819815668e+00,1.662520930819815668e+00
6.268783004135640713e-01,6.268783004135640713e-01
-3.430278265015300754e-01,-3.430278265015300754e-01
1.044098126495004220e+00,1.044098126495004220e+00
-1.053289857770376869e+00,-1.053289857770376869e+00
-1.124514619426905115e+00,-1.124514619426905115e+00
-2.529332422697942562e+00,-2.529332422697942562e+00
7.835950926533534755e-01,7.835950926533534755e-01
-1.177679416071273799e+00,-1.177679416071273799e+00
-1.422531962145076045e+00,-1.422531962145076045e+00
-9.885238468949554269e-01,-9.885238468949554269e-01
2.590729618013053237e+00,2.590729618013053237e+00
2.102128864367029504e+00,2.102128864367029504e+00
9.967450912659194806e-01,9.967450912659194806e-01
-1.213275059738553541e+00,-1.213275059738553541e+00
-1.279915118624206372e+00,-1.279915118624206372e+00
-1.675259952163089983e+00,-1.675259952163089983e+00
1.480047215553941919e+00,1.480047215553941919e+00
1.435494086617709053e+00,1.435494086617709053e+00
-5.174810919263250070e-02,-5.174810919263250070e-02
-5.075754283524157584e-01,-5.075754283524157584e-01
-3.426150888534540973e-01,-3.426150888534540973e-01
1.353995558072394134e+00,1.353995558072394134e+00
-1.188008885921921186e-02,-1.188008885921921186e-02
1.222176762085981805e+00,1.222176762085981805e+00
-1.341713885864877165e+00,-1.341713885864877165e+00
2.077163942315045642e+00,2.077163942315045642e+00
-1.911634687837214519e-01,-1.911634687837214519e-01
2.911681628885442463e-01,2.911681628885442463e-01
6.958162878345228730e-01,6.958162878345228730e-01
-1.440011869301367486e+00,-1.440011869301367486e+00
6.738855295045275140e-01,6.738855295045275140e-01
-6.014002520156461751e-01,-6.014002520156461751e-01
2.279415538963385224e-01,2.279415538963385224e-01
6.109377894291400102e-01,6.109377894291400102e-01
5.376158823443907275e-01,5.376158823443907275e-01
-7.290024542574706778e-01,-7.290024542574706778e-01
-5.705789285039147146e-02,-5.705789285039147146e-02
1.409112482825337409e+00,1.409112482825337409e+00
-4.169744543320454827e-02,-4.169744543320454827e-02
-2.768339738745736467e-01,-2.768339738745736467e-01
1.464452504996290871e+00,1.464452504996290871e+00
1.434757874276419154e-01,1.434757874276419154e-01
2.348464995134454114e-01,2.348464995134454114e-01
-1.106521580213331246e+00,-1.106521580213331246e+00
-3.347954278307878617e-01,-3.347954278307878617e-01
8.949109720612846708e-01,8.949109720612846708e-01
3.318951271287091109e-01,3.318951271287091109e-01
1.030834807371889816e-01,1.030834807371889816e-01
-1.634254124717475998e+00,-1.634254124717475998e+00
1.040785082433501207e+00,1.040785082433501207e+00
1.898917980804885941e+00,1.898917980804885941e+00
7.184944299395890077e-01,7.184944299395890077e-01
1.030957521803431920e+00,1.030957521803431920e+00
-1.035519898840727426e-01,-1.035519898840727426e-01
6.104358116716150917e-01,6.104358116716150917e-01
-1.994962618636907103e-01,-1.994962618636907103e-01
0.000000000000000000e+00,0.000000000000000000e+00
1.366611876406906179e+00,1.366611876406906179e+00
1.528348446221964863e-01,1.528348446221964863e-01
-8.004503190433576165e-01,-8.004503190433576165e-01
-1.318634166122902851e+00,-1.318634166122902851e+00
-4.541094484803245845e-01,-4.541094484803245845e-01
1.697525362331449239e+00,1.697525362331449239e+00
-2.642533504415862655e+00,-2.642533504415862655e+00
6.956266818726708490e-02,6.956266818726708490e-02
1.088985901558211289e+00,1.088985901558211289e+00
6.934737363887975015e-01,6.934737363887975015e-01
7.906339012903492725e-01,7.906339012903492725e-01
-1.266205610376585633e-01,-1.266205610376585633e-01
-7.923406176700298342e-01,-7.923406176700298342e-01
5.642205778434662006e-02,5.642205778434662006e-02
1.367939335171765025e-01,1.367939335171765025e-01
-2.974484391620599855e-01,-2.974484391620599855e-01
-1.767099184818473612e+00,-1.767099184818473612e+00
1.316871672533024951e+00,1.316871672533024951e+00
1.532185753795094252e+00,1.532185753795094252e+00
1.298990187739825108e+00,1.298990187739825108e+00
-4.843730056016788965e-01,-4.843730056016788965e-01
-4.493127968798478755e-01,-4.493127968798478755e-01
2.769790254622881906e-02,2.769790254622881906e-02
0.000000000000000000e+00,0.000000000000000000e+00
-8.817703616583641990e-01,-8.817703616583641990e-01
-2.331955660552897658e-01,-2.331955660552897658e-01
1.838770147022350088e+00,1.838770147022350088e+00
-1.676263884832726314e-01,-1.676263884832726314e-01
-2.254316708200623243e-01,-2.254316708200623243e-01
5.297850613105982154e-01,5.297850613105982154e-01
1.807669988861931032e-01,1.807669988861931032e-01
4.168740142319708464e-01,4.168740142319708464e-01
1.204986889568982811e+00,1.204986889568982811e+00
1.133416321774333380e+00,1.133416321774333380e+00
2.277184507670007296e-01,2.277184507670007296e-01
-3.775972631678310015e-02,-3.775972631678310015e-02
-2.891602632811618445e-01,-2.891602632811618445e-01
1.197323394454372192e+00,1.197323394454372192e+00
-4.569651376947219124e-01,-4.569651376947219124e-01
-3.754108319392511772e-01,-3.754108319392511772e-01
9.145661104555095067e-01,9.145661104555095067e-01
-9.224973201871808914e-01,-9.224973201871808914e-01
5.527978552539865031e-01,5.527978552539865031e-01
-8.063290062572273653e-01,-8.063290062572273653e-01
7.943931401878314702e-01,7.943931401878314702e-01
-1.398135949360571839e+00,-1.398135949360571839e+00
-9.520357964216310531e-01,-9.520357964216310531e-01
3.269757610967526928e-01,3.269757610967526928e-01
1.417389504406498801e+00,1.417389504406498801e+00
-1.294650890986454028e+00,-1.294650890986454028e+00
7.295155863147529951e-01,7.295155863147529951e-01
-1.526675187030146208e-01,-1.526675187030146208e-01
-6.425845596802203241e-01,-6.425845596802203241e-01
-2.351923113628939521e-01,-2.351923113628939521e-01
1.950889187415508097e+00,1.950889187415508097e+00
-6.375648049503850334e-01,-6.375648049503850334e-01
-1.099995863654014416e-01,-1.099995863654014416e-01
-2.584159318522961879e+00,-2.584159318522961879e+00
-7.502527546110019374e-01,-7.502527546110019374e-01
6.650396043672760493e-01,6.650396043672760493e-01
1.569990091599558601e+00,1.569990091599558601e+00
8.800078737798552320e-01,8.800078737798552320e-01
-4.097348111857480046e-01,-4.097348111857480046e-01
-4.910124680327988322e+00,-4.910124680327988322e+00
2.325385309660527255e+00,2.325385309660527255e+00
5.710809233955048692e-01,5.710809233955048692e-01
2.429673529019872102e+00,2.429673529019872102e+00
7.054653739570219129e-01,7.054653739570219129e-01
6.289977601526479667e-01,6.289977601526479667e-01
3.292625353323221371e-01,3.292625353323221371e-01
-6.026049963491707517e-01,-6.026049963491707517e-01
2.042929191755155915e-01,2.042929191755155915e-01
-5.136772244069922611e-01,-5.136772244069922611e-01
-1.311216082737144850e+00,-1.311216082737144850e+00
-1.059347030914554955e+00,-1.059347030914554955e+00
1.354274438411929404e+00,1.354274438411929404e+00
1.423268203043148161e-01,1.423268203043148161e-01
3.195019005008387092e-01,3.195019005008387092e-01
1.922455101084834250e-01,1.922455101084834250e-01
-4.456651066913708825e-01,-4.456651066913708825e-01
1.597509502504089463e-01,1.597509502504089463e-01
1.591296163451939139e+00,1.591296163451939139e+00
-9.549361028350786817e-01,-9.549361028350786817e-01
9.560962585264391744e-02,9.560962585264391744e-02
1.726483774998662124e+00,1.726483774998662124e+00
-1.644416337185888422e+00,-1.644416337185888422e+00
-1.371531248150231530e+00,-1.371531248150231530e+00
7.186059843599423846e-01,7.186059843599423846e-01
4.671942816730891290e-01,4.671942816730891290e-01
2.309087861083513604e-01,2.309087861083513604e-01
-9.886354013152880427e-01,-9.886354013152880427e-01
-1.560519479984671554e+00,-1.560519479984671554e+00
-2.758132909078336414e+00,-2.758132909078336414e+00
-3.634080360732986570e+00,-3.634080360732986570e+00
-5.159595409206045424e+00,-5.159595409206045424e+00
-1.584168114705494457e+00,-1.584168114705494457e+00
4.490171885175000099e+00,4.490171885175000099e+00
1.303675296342644785e+00,1.303675296342644785e+00
-5.151139907405944740e+00,-5.151139907405944740e+00
-1.049631013282121828e+00,-1.049631013282121828e+00
3.772413684710703485e+00,3.772413684710703485e+00
-1.501687939244644721e+00,-1.501687939244644721e+00
1.058309612500191399e+00,1.058309612500191399e+00
-1.475183632443531234e+00,-1.475183632443531234e+00
8.877159918049059018e-01,8.877159918049059018e-01
7.072947933454650782e-01,7.072947933454650782e-01
-4.940890175227430903e-01,-4.940890175227430903e-01
-9.454654912201707617e-01,-9.454654912201707617e-01
-1.723404994077644137e+00,-1.723404994077644137e+00
2.832380680157054353e+00,2.832380680157054353e+00
1.576616168299847409e+00,1.576616168299847409e+00
1.821702977514134458e+00,1.821702977514134458e+00
1.561947321736185668e+00,1.561947321736185668e+00
-4.281851995350792750e-01,-4.281851995350792750e-01
-7.665836946439663624e-01,-7.665836946439663624e-01
1.252049890158795753e+00,1.252049890158795753e+00
-6.959278365435280778e-01,-6.959278365435280778e-01
-5.551515667108589680e-01,-5.551515667108589680e-01
5.032807545094639678e-01,5.032807545094639678e-01
9.418066524432637809e-01,9.418066524432637809e-01
1.240337127218737567e+00,1.240337127218737567e+00
2.601014504933529259e-01,2.601014504933529259e-01
8.279139641604704725e-01,8.279139641604704725e-01
2.435362587426413983e-01,2.435362587426413983e-01
-8.532246866392064755e-01,-8.532246866392064755e-01
-1.321032494778804800e+00,-1.321032494778804800e+00
2.157234629108846224e+00,2.157234629108846224e+00
7.435597464007790425e-01,7.435597464007790425e-01
4.533732190050526745e-01,4.533732190050526745e-01
-2.915139690266653760e-01,-2.915139690266653760e-01
-1.093749055991347502e-01,-1.093749055991347502e-01
-7.805720832311640045e-01,-7.805720832311640045e-01
-3.329771570307539785e-01,-3.329771570307539785e-01
9.047943156128996911e-01,9.047943156128996911e-01
-3.590687376065292979e-01,-3.590687376065292979e-01
-1.588395862749839571e+00,-1.588395862749839571e+00
5.361322690940479863e-01,5.361322690940479863e-01
-1.172057266329273179e-01,-1.172057266329273179e-01
-1.704095667532909308e+00,-1.704095667532909308e+00
-1.836092943738260930e+00,-1.836092943738260930e+00
-2.813963737573033641e-01,-2.813963737573033641e-01
-7.633822050028168382e-01,-7.633822050028168382e-01
-1.030946407483153138e-01,-1.030946407483153138e-01
-4.796651600476713358e-03,-4.796651600476713358e-03
2.834957483320568183e+00,2.834957483320568183e+00
-2.519248233214184118e-01,-2.519248233214184118e-01
-2.397747878429277169e+00,-2.397747878429277169e+00
6.745436274791979936e-02,6.745436274791979936e-02
-1.546642645817806416e+00,-1.546642645817806416e+00
-3.298537543415821283e+00,-3.298537543415821283e+00
-1.245680385198568996e-01,-1.245680385198568996e-01
-3.666095240010292522e-01,-3.666095240010292522e-01
7.854914435517513782e-01,7.854914435517513782e-01
7.309992052764646697e-01,7.309992052764646697e-01
-3.217897953065909977e+00,-3.217897953065909977e+00
-7.432752917670392145e-01,-7.432752917670392145e-01
4.621014614251450325e+00,4.621014614251450325e+00
-1.785828453507340097e+00,-1.785828453507340097e+00
6.628532245409336499e-01,6.628532245409336499e-01
6.319649923646815104e-01,6.319649923646815104e-01
5.438403814077505949e-01,5.438403814077505949e-01
3.110062432215925821e+00,3.110062432215925821e+00
9.663588425586028263e-02,9.663588425586028263e-02
-1.251414055092730182e+00,-1.251414055092730182e+00
-2.434760215259661909e+00,-2.434760215259661909e+00
-1.602495800046042307e+00,-1.602495800046042307e+00
1.061628225144529925e+00,1.061628225144529925e+00
5.867314111633430418e-01,5.867314111633430418e-01
7.558414186083065589e-01,7.558414186083065589e-01
1.873612826908995999e+00,1.873612826908995999e+00
1.022356968415221758e-02,1.022356968415221758e-02
-1.715178169701106592e+00,-1.715178169701106592e+00
2.161640863083499564e+00,2.161640863083499564e+00
1.737962286220973152e+00,1.737962286220973152e+00
1.322638816749258428e+00,1.322638816749258428e+00
5.556089215579645968e-01,5.556089215579645968e-01
-7.719492555119020771e-01,-7.719492555119020771e-01
-1.507176208832711861e+00,-1.507176208832711861e+00
1.058945447566256970e+00,1.058945447566256970e+00
-1.146958504102834731e+00,-1.146958504102834731e+00
3.114635986398412992e+00,3.114635986398412992e+00
3.676469424153719356e-01,3.676469424153719356e-01
-1.362339511163489725e+00,-1.362339511163489725e+00
7.210043073044962725e-01,7.210043073044962725e-01
-1.278487271161323324e+00,-1.278487271161323324e+00
7.365320863522132333e-01,7.365320863522132333e-01
-4.961973172507214147e-01,-4.961973172507214147e-01
5.297292898117696991e-01,5.297292898117696991e-01
-4.619848924245572031e-01,-4.619848924245572031e-01
-1.585361699027871829e+00,-1.585361699027871829e+00
-1.807820563341727249e+00,-1.807820563341727249e+00
6.602095241356992217e-02,6.602095241356992217e-02
-8.122690563982163381e-01,-8.122690563982163381e-01
9.396927727097326155e-01,9.396927727097326155e-01
2.782121764220317317e+00,2.782121764220317317e+00
5.172245201862629704e-01,5.172245201862629704e-01
-1.137365195190533029e+00,-1.137365195190533029e+00
3.507359388152119228e-01,3.507359388152119228e-01
2.691024346757147967e+00,2.691024346757147967e+00
7.621216891704845064e-01,7.621216891704845064e-01
1.896240783232020222e-01,1.896240783232020222e-01
2.245080365437631453e+00,2.245080365437631453e+00
-1.456398586544487950e+00,-1.456398586544487950e+00
6.350549504308911075e-02,6.350549504308911075e-02
3.958579655961866894e-01,3.958579655961866894e-01
7.950178323768983257e-02,7.950178323768983257e-02
4.621075954333094260e-01,4.621075954333094260e-01
2.451436961430706329e+00,2.451436961430706329e+00
-1.582227140896677264e+00,-1.582227140896677264e+00
1.967454384877588502e+00,1.967454384877588502e+00
-4.311412717359242031e-02,-4.311412717359242031e-02
1.119773739325256923e+00,1.119773739325256923e+00
-1.213498168579260295e+00,-1.213498168579260295e+00
9.098810018526690691e-01,9.098810018526690691e-01
3.870008861591570093e-01,3.870008861591570093e-01
-1.598959658566549757e+00,-1.598959658566549757e+00
-1.243650165568871646e+00,-1.243650165568871646e+00
-1.291850984693602378e+00,-1.291850984693602378e+00
1.586220637223296093e+00,1.586220637223296093e+00
4.080169347949411662e-01,4.080169347949411662e-01
-1.815757353078961689e+00,-1.815757353078961689e+00
-1.154382173205514395e+00,-1.154382173205514395e+00
4.120717883373102852e-01,4.120717883373102852e-01
-1.367470820313699154e+00,-1.367470820313699154e+00
1.256500741332499338e+00,1.256500741332499338e+00
1.599629390596965864e-02,1.599629390596965864e-02
1.343654859673663271e+00,1.343654859673663271e+00
-6.743925269825127522e+00,-6.743925269825127522e+00
-3.333731603734678695e-01,-3.333731603734678695e-01
2.448118343074998648e+00,2.448118343074998648e+00
1.309961146910386010e+00,1.309961146910386010e+00
-3.123571174490734625e-01,-3.123571174490734625e-01
-1.414706721116825827e+00,-1.414706721116825827e+00
-5.006035512253955710e-01,-5.006035512253955710e-01
-1.140544341963912606e-01,-1.140544341963912606e-01
2.804314668584579340e-01,2.804314668584579340e-01
3.343202221061038593e+00,3.343202221061038593e+00
2.180029899928449311e+00,2.180029899928449311e+00
-5.757046804939640605e-01,-5.757046804939640605e-01
8.790875897914394166e-01,8.790875897914394166e-01
1.989273583076006935e-01,1.989273583076006935e-01
1.189447956221508562e+00,1.189447956221508562e+00
-1.383745983136445368e+00,-1.383745983136445368e+00
2.450756492031608003e-01,2.450756492031608003e-01
-6.853640407268178913e-01,-6.853640407268178913e-01
-5.568582830905394881e-02,-5.568582830905394881e-02
4.003088224812593743e-01,4.003088224812593743e-01
-1.350570971013254962e+00,-1.350570971013254962e+00
3.177282526112032990e-01,3.177282526112032990e-01
3.105221180550463700e-01,3.105221180550463700e-01
-1.384432021118483069e+00,-1.384432021118483069e+00
-3.366304215134252042e-01,-3.366304215134252042e-01
6.319649866533230131e-01,6.319649866533230131e-01
1.046886878488077821e+00,1.046886878488077821e+00
9.716240033059009296e-01,9.716240033059009296e-01
3.807763928071660753e-01,3.807763928071660753e-01
-5.876461494144092496e-02,-5.876461494144092496e-02
6.722011103017278000e-02,6.722011103017278000e-02
-1.612892269943591472e+00,-1.612892269943591472e+00
3.064170673080948704e-01,3.064170673080948704e-01
-5.227574069733804674e-01,-5.227574069733804674e-01
2.334744406834560748e-01,2.334744406834560748e-01
-2.823668663730601325e-01,-2.823668663730601325e-01
2.231008448109883004e-03,2.231008448109883004e-03
1.709952040435833154e-01,1.709952040435833154e-01
-5.402930913398280577e-01,-5.402930913398280577e-01
9.529393518160848009e-01,9.529393518160848009e-01
1.560921057621745822e-01,1.560921057621745822e-01
-5.577060669861855224e-01,-5.577060669861855224e-01
2.662590237581060615e-01,2.662590237581060615e-01
5.922196978854650518e-02,5.922196978854650518e-02
-1.405052060700153316e+00,-1.405052060700153316e+00
9.304397127753921692e-02,9.304397127753921692e-02
-7.572692603598103478e-01,-7.572692603598103478e-01
3.919648693901845449e-01,3.919648693901845449e-01
-2.992220870516953402e-01,-2.992220870516953402e-01
-1.807870760546320010e+00,-1.807870760546320010e+00
6.515531935375825645e-01,6.515531935375825645e-01
5.786217155013737568e-01,5.786217155013737568e-01
-7.530526609038744601e-01,-7.530526609038744601e-01
-4.887792338649841195e-01,-4.887792338649841195e-01
4.174429177880816244e-01,4.174429177880816244e-01
-9.868171305152542150e-01,-9.868171305152542150e-01
5.174476176042526188e-01,5.174476176042526188e-01
2.652885368536974653e-01,2.652885368536974653e-01
1.624259232456876534e+00,1.624259232456876534e+00
-3.837436250191996745e-01,-3.837436250191996745e-01
4.687336721335877976e-01,4.687336721335877976e-01
1.736166358288646905e-01,1.736166358288646905e-01
9.915691592052493231e-02,9.915691592052493231e-02
5.817562736325684325e-01,5.817562736325684325e-01
-4.989414520447446044e-01,-4.989414520447446044e-01
1.122194348023849986e-01,1.122194348023849986e-01
-8.140928957810857902e-01,-8.140928957810857902e-01
9.225530973973575799e-01,9.225530973973575799e-01
6.663447431100069096e-01,6.663447431100069096e-01
2.241711549877300202e-01,2.241711549877300202e-01
-4.106986009412132432e+00,-4.106986009412132432e+00
5.504329952087256395e+00,5.504329952087256395e+00
-3.376511113338162562e-01,-3.376511113338162562e-01
1.146043800119971534e+00,1.146043800119971534e+00
9.387167115111194615e-01,9.387167115111194615e-01
-3.763813188436390678e-01,-3.763813188436390678e-01
1.471257067626867032e+00,1.471257067626867032e+00
-4.855219727250060235e-01,-4.855219727250060235e-01
-2.224532843082713263e-01,-2.224532843082713263e-01
5.277213902043872418e-01,5.277213902043872418e-01
1.023539432706325636e+00,1.023539432706325636e+00
-5.693630527160461474e-01,-5.693630527160461474e-01
-4.890692627929077996e-01,-4.890692627929077996e-01
6.127114373187545482e-01,6.127114373187545482e-01
-1.294204730418584415e-01,-1.294204730418584415e-01
1.368731336146010724e+00,1.368731336146010724e+00
9.468933386830331589e-01,9.468933386830331589e-01
1.963795534677964527e+00,1.963795534677964527e+00
-3.601619218083316198e-01,-3.601619218083316198e-01
-5.285914769881999709e-01,-5.285914769881999709e-01
1.256500741332499393e-01,1.256500741332499393e-01
1.024844571449097907e+00,1.024844571449097907e+00
-8.591591567746218461e-01,-8.591591567746218461e-01
-5.201359808994681089e-01,-5.201359808994681089e-01
-1.732596719641647853e+00,-1.732596719641647853e+00
1.732942525779769039e+00,1.732942525779769039e+00
-1.191098895391012435e+00,-1.191098895391012435e+00
-3.209185879525747187e-01,-3.209185879525747187e-01
-3.338360952261574255e-01,-3.338360952261574255e-01
-7.151702372896768800e-01,-7.151702372896768800e-01
-1.624816981713209207e+00,-1.624816981713209207e+00
1.878292355506273381e+00,1.878292355506273381e+00
-1.352433830455515296e-01,-1.352433830455515296e-01
9.677309013885299072e-01,9.677309013885299072e-01
4.168182427331423301e-01,4.168182427331423301e-01
-1.288493317721680187e+00,-1.288493317721680187e+00
6.113505213658471105e-01,6.113505213658471105e-01
-5.209391533075365815e-02,-5.209391533075365815e-02
1.568919210285943722e+00,1.568919210285943722e+00
1.696499103928232888e+00,1.696499103928232888e+00
-1.994404903648829552e-01,-1.994404903648829552e-01
-2.287335548704389210e-01,-2.287335548704389210e-01
-4.112853616574560500e-02,-4.112853616574560500e-02
-1.158660118454483579e+00,-1.158660118454483579e+00
