3.703658790532117218e-01,3.703658790532117218e-01
-3.147754640624843003e-01,-3.147754640624843003e-01
-2.488428846739446088e-02,-2.488428846739446088e-02
2.235547367198567503e+00,2.235547367198567503e+00
7.779369731460082649e-02,7.779369731460082649e-02
1.519699886144362244e+00,1.519699886144362244e+00
-2.462231551484431180e-01,-2.462231551484431180e-01
-1.422732275017277281e+00,-1.422732275017277281e+00
1.475700215134774007e+00,1.475700215134774007e+00
2.843480274334376223e-01,2.843480274334376223e-01
-5.311452855905509640e-01,-5.311452855905509640e-01
4.284087799534259111e-01,4.284087799534259111e-01
-2.152884969759048528e-01,-2.152884969759048528e-01
-5.724305154315624533e-02,-5.724305154315624533e-02
7.922114971563462005e-01,7.922114971563462005e-01
2.163196461603121221e-02,2.163196461603121221e-02
5.370925249667875268e-02,5.370925249667875268e-02
-1.201446357589712521e+00,-1.201446357589712521e+00
-1.751542601652763320e+00,-1.751542601652763320e+00
-6.641921767313024860e-01,-6.641921767313024860e-01
-1.051220975247547873e+00,-1.051220975247547873e+00
-1.353725693813244035e+00,-1.353725693813244035e+00
2.188278666240280335e-01,2.188278666240280335e-01
-1.306445863066826030e-01,-1.306445863066826030e-01
-1.433461858777846265e+00,-1.433461858777846265e+00
3.917693177276127536e-01,3.917693177276127536e-01
1.537338214529848424e+00,1.537338214529848424e+00
8.499171711843980237e-01,8.499171711843980237e-01
-3.326395330887622070e-01,-3.326395330887622070e-01
-1.337687047019122444e+00,-1.337687047019122444e+00
-2.600350623814657314e-01,-2.600350623814657314e-01
1.957132658344879483e-01,1.957132658344879483e-01
5.039199974450351283e-01,5.039199974450351283e-01
3.923406411430457874e-01,3.923406411430457874e-01
7.065977367511615537e-01,7.065977367511615537e-01
-6.342831028490283352e-01,-6.342831028490283352e-01
-3.035275118475520006e-01,-3.035275118475520006e-01
-8.571073910044242350e-01,-8.571073910044242350e-01
3.667707748507867960e-01,3.667707748507867960e-01
-3.433133880026046358e-01,-3.433133880026046358e-01
-1.311431602901988569e+00,-1.311431602901988569e+00
-2.717930157331217011e-01,-2.717930157331217011e-01
5.808023705863837316e-01,5.808023705863837316e-01
5.830876414177890155e-01,5.830876414177890155e-01
-4.098145511664599144e-02,-4.098145511664599144e-02
-5.216809646803492045e-02,-5.216809646803492045e-02
-1.578088352696455754e+00,-1.578088352696455754e+00
-1.773921449249653282e-01,-1.773921449249653282e-01
1.080502996867667598e+00,1.080502996867667598e+00
-4.411951314340655655e-02,-4.411951314340655655e-02
-7.828530633379465753e-01,-7.828530633379465753e-01
-7.497474058661912633e-01,-7.497474058661912633e-01
6.028356525313527392e-01,6.028356525313527392e-01
8.850182512672190027e-01,8.850182512672190027e-01
-1.103280370785034992e-01,-1.103280370785034992e-01
1.878252071584030736e+00,1.878252071584030736e+00
7.827360179201015011e-01,7.827360179201015011e-01
1.367080543455431174e+00,1.367080543455431174e+00
6.318473744051943120e-02,6.318473744051943120e-02
2.234744738248272355e+00,2.234744738248272355e+00
9.418126125371795165e-01,9.418126125371795165e-01
-3.965098483541461549e-01,-3.965098483541461549e-01
1.606684796491705924e+00,1.606684796491705924e+00
-5.129412158064434735e-01,-5.129412158064434735e-01
-2.410997033058360550e+00,-2.410997033058360550e+00
-1.487957068373008118e-01,-1.487957068373008118e-01
1.600238685766845137e+00,1.600238685766845137e+00
2.056837010169776825e+00,2.056837010169776825e+00
2.439434663338599096e-01,2.439434663338599096e-01
-1.037620899273995756e-01,-1.037620899273995756e-01
-5.246963781497013812e-01,-5.246963781497013812e-01
-4.655693845192541147e-01,-4.655693845192541147e-01
-1.017209569911766476e+00,-1.017209569911766476e+00
4.038115429903665898e-01,4.038115429903665898e-01
3.367696947201711394e-02,3.367696947201711394e-02
2.583239002663267336e-01,2.583239002663267336e-01
-5.564894055344274948e-01,-5.564894055344274948e-01
-1.401758058048250266e-01,-1.401758058048250266e-01
-3.366578260805148590e-03,-3.366578260805148590e-03
3.148256280151507380e-01,3.148256280151507380e-01
-2.783004373215258731e-01,-2.783004373215258731e-01
-5.996362893486343326e-01,-5.996362893486343326e-01
1.332090943896400370e+00,1.332090943896400370e+00
1.421478170492957993e+00,1.421478170492957993e+00
6.239492544006010055e-01,6.239492544006010055e-01
-5.848545380872297583e-01,-5.848545380872297583e-01
-2.994196154999950177e-01,-2.994196154999950177e-01
-5.336033306865020087e-01,-5.336033306865020087e-01
-3.543829782285680685e-01,-3.543829782285680685e-01
9.611481822412863696e-02,9.611481822412863696e-02
3.144744461008995573e-02,3.144744461008995573e-02
1.142430838775464697e+00,1.142430838775464697e+00
-5.272101749227108280e-01,-5.272101749227108280e-01
-7.089387421368685827e-01,-7.089387421368685827e-01
3.561554454996597174e-01,3.561554454996597174e-01
-4.183090280482537615e-01,-4.183090280482537615e-01
7.127623779884988409e-01,7.127623779884988409e-01
2.241954438051301790e-01,2.241954438051301790e-01
1.467189003617690446e+00,1.467189003617690446e+00
-2.895428246423928931e-01,-2.895428246423928931e-01
-1.877259876658070037e-01,-1.877259876658070037e-01
3.514734461434168566e-01,3.514734461434168566e-01
4.381740902872534038e-01,4.381740902872534038e-01
-2.916775579551712794e-02,-2.916775579551712794e-02
5.404925325450835732e-02,5.404925325450835732e-02
9.094510641605896284e-01,9.094510641605896284e-01
5.435302912043664669e-01,5.435302912043664669e-01
2.188278666240280335e-01,2.188278666240280335e-01
-1.210860525962439871e+00,-1.210860525962439871e+00
-1.191001034325075425e+00,-1.191001034325075425e+00
4.144798158874025695e-01,4.144798158874025695e-01
-1.170054647533924352e-01,-1.170054647533924352e-01
1.724871902287380410e-01,1.724871902287380410e-01
-5.268701627497308637e-01,-5.268701627497308637e-01
-5.649337355863427446e-01,-5.649337355863427446e-01
1.792147875638841759e-01,1.792147875638841759e-01
1.282723684290538957e+00,1.282723684290538957e+00
7.625532087919945079e-02,7.625532087919945079e-02
1.728216203849219368e-01,1.728216203849219368e-01
-4.120719004985733819e-02,-4.120719004985733819e-02
5.960411737310382652e-01,5.960411737310382652e-01
-1.419482730759166755e-01,-1.419482730759166755e-01
-9.406699828290702170e-01,-9.406699828290702170e-01
-1.178498971878254142e+00,-1.178498971878254142e+00
-2.037785438413693140e-02,-2.037785438413693140e-02
-5.515231399746775010e-01,-5.515231399746775010e-01
-3.937675370546673270e-01,-3.937675370546673270e-01
7.665886816105978996e-01,7.665886816105978996e-01
4.938787768101690623e-01,4.938787768101690623e-01
1.134660951052692546e-01,1.134660951052692546e-01
7.435298210829502930e-01,7.435298210829502930e-01
3.955901682784357942e-01,3.955901682784357942e-01
1.126110716786223431e+00,1.126110716786223431e+00
6.362227851982170668e-01,6.362227851982170668e-01
5.480395048808665015e-01,5.480395048808665015e-01
-4.621972242416425014e-01,-4.621972242416425014e-01
6.837674078727244975e-01,6.837674078727244975e-01
6.816549284286425037e-01,6.816549284286425037e-01
4.571250601749139997e-01,4.571250601749139997e-01
4.746992866884535145e-01,4.746992866884535145e-01
-1.903512592550159199e-01,-1.903512592550159199e-01
-7.935826528060959673e-01,-7.935826528060959673e-01
5.690472025355609587e-01,5.690472025355609587e-01
9.412385095285091818e-01,9.412385095285091818e-01
-9.063576051924146504e-02,-9.063576051924146504e-02
-1.619805503930031310e-01,-1.619805503930031310e-01
1.240228931861057926e-01,1.240228931861057926e-01
2.467972524495381792e-01,2.467972524495381792e-01
-1.729999823738856690e-01,-1.729999823738856690e-01
-1.785899578348004502e+00,-1.785899578348004502e+00
3.530118225788286268e-01,3.530118225788286268e-01
-8.812197516139279319e-02,-8.812197516139279319e-02
6.888451539562491233e-01,6.888451539562491233e-01
8.190716426380870163e-02,8.190716426380870163e-02
7.191555394598754258e-01,7.191555394598754258e-01
2.218544498345995375e-01,2.218544498345995375e-01
9.326102069328957855e-02,9.326102069328957855e-02
-1.364134751091421738e-01,-1.364134751091421738e-01
-4.297241953412676563e-01,-4.297241953412676563e-01
-7.879921202850093120e-01,-7.879921202850093120e-01
9.400791508927788809e-02,9.400791508927788809e-02
-5.542041461181258788e-02,-5.542041461181258788e-02
2.371489818259702453e-01,2.371489818259702453e-01
7.647047338157316743e-01,7.647047338157316743e-01
-7.477491979543079426e-01,-7.477491979543079426e-01
-7.567676195997222743e-01,-7.567676195997222743e-01
1.882889494711962874e-01,1.882889494711962874e-01
4.824636038095695967e-01,4.824636038095695967e-01
3.401697593742191578e-02,3.401697593742191578e-02
-5.753288834831941229e-02,-5.753288834831941229e-02
-1.479462534415296071e+00,-1.479462534415296071e+00
-2.689977437650084013e-01,-2.689977437650084013e-01
9.166133910193038914e-02,9.166133910193038914e-02
-1.856692598987834675e-01,-1.856692598987834675e-01
-1.281748269660526907e+00,-1.281748269660526907e+00
-6.563721193482990879e-01,-6.563721193482990879e-01
6.477884843022774231e-02,6.477884843022774231e-02
3.321991758877756301e-02,3.321991758877756301e-02
3.184263142343821684e-01,3.184263142343821684e-01
4.999821014763825566e-01,4.999821014763825566e-01
1.664340352227661746e-01,1.664340352227661746e-01
5.644822485971633386e-01,5.644822485971633386e-01
4.651123326360041554e-01,4.651123326360041554e-01
-5.532956129533443956e-01,-5.532956129533443956e-01
8.552234432095527916e-01,8.552234432095527916e-01
-2.106678084832054043e-01,-2.106678084832054043e-01
-2.357220859143435154e-01,-2.357220859143435154e-01
4.808639222182103934e-01,4.808639222182103934e-01
-3.624315615531912282e-01,-3.624315615531912282e-01
6.632278975969961576e-02,6.632278975969961576e-02
-5.782941615377663602e-01,-5.782941615377663602e-01
-1.373069608004638065e+00,-1.373069608004638065e+00
3.725313134583633778e-01,3.725313134583633778e-01
-5.882824329191534973e-01,-5.882824329191534973e-01
1.039906158690193511e-01,1.039906158690193511e-01
5.268367391398982857e-02,5.268367391398982857e-02
-2.002837960821013397e-01,-2.002837960821013397e-01
7.250916547555877889e-01,7.250916547555877889e-01
-8.275996287435075094e-02,-8.275996287435075094e-02
1.784790343711768756e-01,1.784790343711768756e-01
-7.320533372188178234e-01,-7.320533372188178234e-01
-5.165809533130089753e-02,-5.165809533130089753e-02
2.878929733907816813e-01,2.878929733907816813e-01
-6.355372073733474014e-01,-6.355372073733474014e-01
-1.790475667782118474e-01,-1.790475667782118474e-01
-1.322163983378535912e+00,-1.322163983378535912e+00
-7.368468170988456967e-01,-7.368468170988456967e-01
-3.882884736422049232e-01,-3.882884736422049232e-01
5.288098508064948966e-01,5.288098508064948966e-01
1.540874798877143625e+00,1.540874798877143625e+00
8.859853099947834210e-01,8.859853099947834210e-01
1.782025778543707917e+00,1.782025778543707917e+00
6.430172697060964060e-01,6.430172697060964060e-01
-2.973127180727194729e-01,-2.973127180727194729e-01
-1.761881986457271010e-01,-1.761881986457271010e-01
-4.845203429917538940e-01,-4.845203429917538940e-01
-3.452976808255917018e-02,-3.452976808255917018e-02
9.623576877069783819e-01,9.623576877069783819e-01
-4.175677156690822955e-01,-4.175677156690822955e-01
7.184699616350161966e-01,7.184699616350161966e-01
1.175182568985193160e-01,1.175182568985193160e-01
-5.095746318380527384e-01,-5.095746318380527384e-01
4.912535109285353641e-01,4.912535109285353641e-01
3.384028569971564426e-01,3.384028569971564426e-01
5.459883477154782172e-01,5.459883477154782172e-01
6.284083041244346024e-01,6.284083041244346024e-01
-5.645156950373278471e-02,-5.645156950373278471e-02
1.894928900428385632e-01,1.894928900428385632e-01
3.138058026770952202e-03,3.138058026770952202e-03
1.434364855586516274e-01,1.434364855586516274e-01
-9.936992737631991646e-02,-9.936992737631991646e-02
7.952938149212297470e-01,7.952938149212297470e-01
-1.821856248049827931e-01,-1.821856248049827931e-01
-7.426714518707729917e-01,-7.426714518707729917e-01
2.021621675677571228e-01,2.021621675677571228e-01
-1.494818388685381416e+00,-1.494818388685381416e+00
1.589038146449259503e-01,1.589038146449259503e-01
-9.250856083249507922e-01,-9.250856083249507922e-01
-1.959975263304146453e-01,-1.959975263304146453e-01
-9.592530361670237316e-03,-9.592530361670237316e-03
-5.461555570860001652e-01,-5.461555570860001652e-01
5.628825670058040798e-01,5.628825670058040798e-01
6.685843392823821452e-01,6.685843392823821452e-01
3.652519069362489962e-02,3.652519069362489962e-02
-1.553488330432578834e+00,-1.553488330432578834e+00
-8.839341471218199464e-01,-8.839341471218199464e-01
-7.468908287421202052e-01,-7.468908287421202052e-01
8.427213807627312869e-01,8.427213807627312869e-01
6.688686111934747380e-01,6.688686111934747380e-01
9.318243411557922684e-01,9.318243411557922684e-01
5.376499275856607557e-02,5.376499275856607557e-02
-1.845266301906742235e-01,-1.845266301906742235e-01
1.459391240056440997e-01,1.459391240056440997e-01
-6.991176801259929574e-01,-6.991176801259929574e-01
2.907969234591263885e-01,2.907969234591263885e-01
-8.505414381457346851e-01,-8.505414381457346851e-01
1.235714176120767532e-01,1.235714176120767532e-01
4.021561211371200706e-01,4.021561211371200706e-01
-2.990907958985973558e-02,-2.990907958985973558e-02
3.523875556175022905e-01,3.523875556175022905e-01
-6.164635529756881498e-03,-6.164635529756881498e-03
1.618155698339031945e+00,1.618155698339031945e+00
1.666625554568107459e-01,1.666625554568107459e-01
-6.546999685673275671e-02,-6.546999685673275671e-02
4.117486514987903079e-01,4.117486514987903079e-01
8.532837551527887587e-01,8.532837551527887587e-01
1.405213828718651359e-01,1.405213828718651359e-01
-4.764717596671307343e-01,-4.764717596671307343e-01
4.030144846417222371e-01,4.030144846417222371e-01
2.994753557618823336e-01,2.994753557618823336e-01
-3.186548401760123106e-01,-3.186548401760123106e-01
2.072454842529169727e-01,2.072454842529169727e-01
1.623762914127096502e-01,1.623762914127096502e-01
2.139229119278111269e-01,2.139229119278111269e-01
8.384685802815826372e-02,8.384685802815826372e-02
6.405034729330869592e-01,6.405034729330869592e-01
6.650449753418444798e-01,6.650449753418444798e-01
2.294459755683871949e-01,2.294459755683871949e-01
-3.104390417732919571e-01,-3.104390417732919571e-01
-6.657305474591286298e-01,-6.657305474591286298e-01
-2.882218443604183875e-02,-2.882218443604183875e-02
7.201253834882522797e-01,7.201253834882522797e-01
-5.586018792709238623e-01,-5.586018792709238623e-01
6.015815422995311745e-02,6.015815422995311745e-02
5.514116594508925440e-01,5.514116594508925440e-01
-4.539814258389221480e-01,-4.539814258389221480e-01
-1.717358410637254806e+00,-1.717358410637254806e+00
1.739140918479503417e-01,1.739140918479503417e-01
4.091178093079357314e-01,4.091178093079357314e-01
-2.498795702144114284e-01,-2.498795702144114284e-01
-3.259565348122327455e-01,-3.259565348122327455e-01
6.203541444905905644e-01,6.203541444905905644e-01
3.976469074606097109e-01,3.976469074606097109e-01
-5.921618033250959368e-01,-5.921618033250959368e-01
-2.141486502855800556e+00,-2.141486502855800556e+00
-4.203657615228524880e-01,-4.203657615228524880e-01
1.393737299193917423e+00,1.393737299193917423e+00
-1.017148259048243686e+00,-1.017148259048243686e+00
4.437033176523821898e-01,4.437033176523821898e-01
-5.100818419663939451e-01,-5.100818419663939451e-01
-7.079131635541692225e-01,-7.079131635541692225e-01
-9.263675943953846026e-02,-9.263675943953846026e-02
-1.288827008956762832e+00,-1.288827008956762832e+00
1.970231106206891680e-01,1.970231106206891680e-01
-1.700915661213382668e+00,-1.700915661213382668e+00
-3.929649081043772862e-01,-3.929649081043772862e-01
-7.011799956173981885e-01,-7.011799956173981885e-01
-3.697945670529446671e-01,-3.697945670529446671e-01
-8.450066401789602111e-01,-8.450066401789602111e-01
2.207463709840864041e+00,2.207463709840864041e+00
-8.150975720042716866e-01,-8.150975720042716866e-01
8.810803552985664311e-01,8.810803552985664311e-01
8.585342869160561552e-01,8.585342869160561552e-01
-1.163661480354972522e+00,-1.163661480354972522e+00
-1.464396522657970046e+00,-1.464396522657970046e+00
1.528506482237933228e-01,1.528506482237933228e-01
6.905953616513909633e-03,6.905953616513909633e-03
1.281581054582429768e+00,1.281581054582429768e+00
7.055108530125303590e-01,7.055108530125303590e-01
1.182651455869220269e-01,1.182651455869220269e-01
1.126957927672394222e+00,1.126957927672394222e+00
-1.931994747690588821e-01,-1.931994747690588821e-01
1.069057185558058287e-01,1.069057185558058287e-01
4.639641209110884068e-01,4.639641209110884068e-01
1.292232609966963708e-01,1.292232609966963708e-01
-9.069930076494675530e-01,-9.069930076494675530e-01
-4.016990692538701668e-01,-4.016990692538701668e-01
-7.072833202836220634e-01,-7.072833202836220634e-01
-1.129533029601320071e-01,-1.129533029601320071e-01
-2.312128722378435364e-01,-2.312128722378435364e-01
-1.837557673679305337e+00,-1.837557673679305337e+00
-5.684173592649930384e-01,-5.684173592649930384e-01
-3.555869245077958873e-01,-3.555869245077958873e-01
9.376378290168529972e-01,9.376378290168529972e-01
8.005499172861324508e-01,8.005499172861324508e-01
7.922114971563565256e-01,7.922114971563565256e-01
-3.490209659415259846e-01,-3.490209659415259846e-01
2.990796090345901881e-01,2.990796090345901881e-01
6.542596456118026094e-01,6.542596456118026094e-01
-3.630224106122600936e-02,-3.630224106122600936e-02
-5.722409951166337327e-01,-5.722409951166337327e-01
7.809691155430646958e-01,7.809691155430646958e-01
-1.071827355573299334e+00,-1.071827355573299334e+00
9.351296142606499995e-01,9.351296142606499995e-01
8.025453456047838552e-01,8.025453456047838552e-01
-4.600624623910607586e-02,-4.600624623910607586e-02
5.810309022355995001e-01,5.810309022355995001e-01
2.228242881553907651e-01,2.228242881553907651e-01
2.911202124120500570e-02,2.911202124120500570e-02
-4.792698169360720684e-01,-4.792698169360720684e-01
8.100811367842697397e-01,8.100811367842697397e-01
-6.264073052041375655e-01,-6.264073052041375655e-01
1.913155326817677915e-01,1.913155326817677915e-01
-4.548342187418890070e-01,-4.548342187418890070e-01
-1.434922201129637531e-01,-1.434922201129637531e-01
5.391381286532868078e-01,5.391381286532868078e-01
-1.181124243467473356e+00,-1.181124243467473356e+00
-1.698234660777436789e+00,-1.698234660777436789e+00
5.097975814704516218e-01,5.097975814704516218e-01
-3.971898498697845614e-01,-3.971898498697845614e-01
-3.160295800019538026e-01,-3.160295800019538026e-01
9.797089645881189579e-01,9.797089645881189579e-01
-1.065044012268680229e-01,-1.065044012268680229e-01
-1.985949163735398898e-02,-1.985949163735398898e-02
-5.257832790110841259e-01,-5.257832790110841259e-01
-6.999816256473911924e-01,-6.999816256473911924e-01
-6.858185650381023457e-01,-6.858185650381023457e-01
2.042801833679298157e-02,2.042801833679298157e-02
-5.510660823838523514e-01,-5.510660823838523514e-01
-9.444880480790651678e-01,-9.444880480790651678e-01
1.348700902690783909e+00,1.348700902690783909e+00
1.596395564224621089e-01,1.596395564224621089e-01
-7.600171524426927450e-01,-7.600171524426927450e-01
1.237386269825883206e-01,1.237386269825883206e-01
6.683558190483686323e-02,6.683558190483686323e-02
1.103787592328536959e+00,1.103787592328536959e+00
-3.504255452011083988e-02,-3.504255452011083988e-02
-4.338878319507274983e-01,-4.338878319507274983e-01
2.114141372576466171e+00,2.114141372576466171e+00
-1.840082560287408797e-01,-1.840082560287408797e-01
-7.858183356849799406e-01,-7.858183356849799406e-01
6.982091526687244087e-01,6.982091526687244087e-01
-5.901552452183347203e-02,-5.901552452183347203e-02
-9.691744146683309302e-02,-9.691744146683309302e-02
1.414354809307794281e-01,1.414354809307794281e-01
-6.524370086804692770e-01,-6.524370086804692770e-01
-1.689422442714043626e-01,-1.689422442714043626e-01
4.144853921966234478e-01,4.144853921966234478e-01
8.275996287435075094e-02,8.275996287435075094e-02
-9.977402486924940028e-01,-9.977402486924940028e-01
2.362348837670559532e-01,2.362348837670559532e-01
2.057015372158803035e-01,2.057015372158803035e-01
-1.913768378377152246e-01,-1.913768378377152246e-01
-1.574713424240783421e-01,-1.574713424240783421e-01
-5.161907429418387538e-01,-5.161907429418387538e-01
2.528448368538643853e-01,2.528448368538643853e-01
-2.275062875116231897e-01,-2.275062875116231897e-01
1.161526718504359706e-01,1.161526718504359706e-01
-2.162639116059273392e-01,-2.162639116059273392e-01
2.822968645604637672e-01,2.822968645604637672e-01
-3.846877931305487386e-01,-3.846877931305487386e-01
-2.360676686889691955e-01,-2.360676686889691955e-01
-9.154986485649158068e-01,-9.154986485649158068e-01
-1.516467076521510471e-01,-1.516467076521510471e-01
1.243166339784717689e+00,1.243166339784717689e+00
1.136896040808679897e+00,1.136896040808679897e+00
-1.846380992992880665e-01,-1.846380992992880665e-01
4.632841193954396197e-01,4.632841193954396197e-01
7.391320822226498111e-01,7.391320822226498111e-01
-3.870343691178858569e-01,-3.870343691178858569e-01
-1.608936609467811751e-01,-1.608936609467811751e-01
6.318863572014391528e-01,6.318863572014391528e-01
-1.139292775041108152e+00,-1.139292775041108152e+00
7.270870716590782656e-01,7.270870716590782656e-01
1.736476589895426859e+00,1.736476589895426859e+00
4.931708994559910048e-02,4.931708994559910048e-02
-1.386764749491514043e-02,-1.386764749491514043e-02
-3.053891715283174255e-02,-3.053891715283174255e-02
-7.448954004234584758e-01,-7.448954004234584758e-01
1.206301148333252637e+00,1.206301148333252637e+00
4.602017959229911526e-01,4.602017959229911526e-01
-3.227627365235744561e-01,-3.227627365235744561e-01
-1.273393132018300899e-01,-1.273393132018300899e-01
2.696275870355659965e-01,2.696275870355659965e-01
4.435361025742954322e-01,4.435361025742954322e-01
5.469581860362798809e-01,5.469581860362798809e-01
-9.199521219795284699e-01,-9.199521219795284699e-01
3.434861736823267009e-01,3.434861736823267009e-01
3.735011517791649860e-01,3.735011517791649860e-01
-2.316699241210830873e-01,-2.316699241210830873e-01
5.490762246667533347e-02,5.490762246667533347e-02
-6.061520611318228086e-02,-6.061520611318228086e-02
-1.107850946693338112e-01,-1.107850946693338112e-01
4.071837032679782031e-01,4.071837032679782031e-01
1.158070947833854808e-01,1.158070947833854808e-01
2.041018499169251488e-01,2.041018499169251488e-01
5.112244773820887600e-01,5.112244773820887600e-01
1.666625611643963445e-01,1.666625611643963445e-01
4.432518363707779741e-01,4.432518363707779741e-01
1.779606773319898916e-01,1.779606773319898916e-01
-5.176232151626863898e-01,-5.176232151626863898e-01
6.097973464097540264e-01,6.097973464097540264e-01
-4.312625717766793709e-01,-4.312625717766793709e-01
-1.899499419260884947e-01,-1.899499419260884947e-01
-8.015755015763966762e-01,-8.015755015763966762e-01
3.198532101460088706e-01,3.198532101460088706e-01
2.034775886631740305e-01,2.034775886631740305e-01
3.199089504079065671e-01,3.199089504079065671e-01
-3.452976808255917018e-02,-3.452976808255917018e-02
-1.371586971831113555e+00,-1.371586971831113555e+00
3.514121352798942333e-01,3.514121352798942333e-01
4.961640362263875503e-01,4.961640362263875503e-01
3.207617433108630456e-01,3.207617433108630456e-01
5.805181043828766541e-01,5.805181043828766541e-01
6.558593329107473835e-01,6.558593329107473835e-01
2.129195815061603325e-02,2.129195815061603325e-02
2.379460458822001689e-01,2.379460458822001689e-01
-6.387923165255282587e-01,-6.387923165255282587e-01
2.805801261361090537e-01,2.805801261361090537e-01
1.144415154428773257e-01,1.144415154428773257e-01
7.080246326627934739e-01,7.080246326627934739e-01
-3.068383555540605823e-01,-3.068383555540605823e-01
-8.943738997848112993e-01,-8.943738997848112993e-01
-3.174564702060053145e-01,-3.174564702060053145e-01
-3.277290077908995847e-01,-3.277290077908995847e-01
1.641487700989620879e-01,1.641487700989620879e-01
9.799932250840612813e-01,9.799932250840612813e-01
-3.821795783743457409e-01,-3.821795783743457409e-01
-4.538142107608353903e-01,-4.538142107608353903e-01
1.148026941898186548e+00,1.148026941898186548e+00
-5.932486927713178648e-01,-5.932486927713178648e-01
-6.500346981388097634e-01,-6.500346981388097634e-01
5.373712319838305218e-01,5.373712319838305218e-01
-3.601518727386079921e-01,-3.601518727386079921e-01
-1.401156050663143748e+00,-1.401156050663143748e+00
-1.452407246648710570e+00,-1.452407246648710570e+00
-3.438874887282323822e+00,-3.438874887282323822e+00
-3.849536643627316845e+00,-3.849536643627316845e+00
8.341600052929812881e-01,8.341600052929812881e-01
9.737171147380945246e-01,9.737171147380945246e-01
1.069202089691665636e+00,1.069202089691665636e+00
-6.313178362095753782e-01,-6.313178362095753782e-01
4.892580826098840707e-01,4.892580826098840707e-01
-1.354436310807653754e-01,-1.354436310807653754e-01
-1.102477753249905712e+00,-1.102477753249905712e+00
8.042565077199176349e-01,8.042565077199176349e-01
1.573983235942136183e+00,1.573983235942136183e+00
-4.566066917205558601e-02,-4.566066917205558601e-02
-8.823902057923792286e-02,-8.823902057923792286e-02
-3.794428376765126010e-01,-3.794428376765126010e-01
8.284579922481096759e-01,8.284579922481096759e-01
-7.295451224626148257e-01,-7.295451224626148257e-01
-4.965597772461045056e-01,-4.965597772461045056e-01
3.612331915831842322e-01,3.612331915831842322e-01
-8.262284673861929329e-01,-8.262284673861929329e-01
5.030644135336805878e-01,5.030644135336805878e-01
8.531667040273683833e-01,8.531667040273683833e-01
2.340443188711247707e-02,2.340443188711247707e-02
6.725250319670182941e-01,6.725250319670182941e-01
1.741927760346613785e-01,1.741927760346613785e-01
-4.417692059048390907e-01,-4.417692059048390907e-01
6.176229801019782473e-01,6.176229801019782473e-01
-8.091670330177802573e-01,-8.091670330177802573e-01
-1.099267254571564545e-01,-1.099267254571564545e-01
-1.029193263904229605e+00,-1.029193263904229605e+00
-3.289273777609065808e-01,-3.289273777609065808e-01
5.101431585375021394e-01,5.101431585375021394e-01
6.189328191805990587e-01,6.189328191805990587e-01
-5.619127229774169008e-01,-5.619127229774169008e-01
-3.710486715772637334e-01,-3.710486715772637334e-01
-8.094512992212977709e-01,-8.094512992212977709e-01
4.930761478598790215e-01,4.930761478598790215e-01
4.007013094338338771e-02,4.007013094338338771e-02
8.395833284435770538e-02,8.395833284435770538e-02
1.184039346154259764e+00,1.184039346154259764e+00
-8.414115359765352853e-01,-8.414115359765352853e-01
-5.730436240668925624e-02,-5.730436240668925624e-02
3.276732675290122687e-01,3.276732675290122687e-01
-9.651612984548087193e-02,-9.651612984548087193e-02
7.141892739001255430e-01,7.141892739001255430e-01
-7.515728338059382008e-01,-7.515728338059382008e-01
2.378903056203128530e-01,2.378903056203128530e-01
8.144732993353493988e-01,8.144732993353493988e-01
-6.330289926171339676e-01,-6.330289926171339676e-01
-2.015323300047747179e-01,-2.015323300047747179e-01
-3.429120706736564217e-01,-3.429120706736564217e-01
2.122619194729189196e-01,2.122619194729189196e-01
5.982706985929550081e-01,5.982706985929550081e-01
1.853236828317433582e-01,1.853236828317433582e-01
3.921678497557329335e-01,3.921678497557329335e-01
4.275113708690440883e-02,4.275113708690440883e-02
1.945706361263734863e-01,1.945706361263734863e-01
5.701898322436702582e-01,5.701898322436702582e-01
4.005564395457608673e-01,4.005564395457608673e-01
2.317312406922016621e-01,2.317312406922016621e-01
1.590152894611253920e-01,1.590152894611253920e-01
3.418864920909674976e-01,3.418864920909674976e-01
9.049920087291809523e-01,9.049920087291809523e-01
-7.802277974563180951e-01,-7.802277974563180951e-01
-7.173830721887838324e-01,-7.173830721887838324e-01
-2.979927138807826892e-01,-2.979927138807826892e-01
2.172839195869809559e-01,2.172839195869809559e-01
-5.473483678695326149e-02,-5.473483678695326149e-02
4.937059854228510458e-01,4.937059854228510458e-01
6.815100300026416535e-02,6.815100300026416535e-02
4.391940982682966399e-01,4.391940982682966399e-01
-9.171707936382809956e-02,-9.171707936382809956e-02
-1.335484964219230825e-02,-1.335484964219230825e-02
-1.720301383454984900e-01,-1.720301383454984900e-01
-6.356542584987676658e-01,-6.356542584987676658e-01
-4.003836538660284217e-01,-4.003836538660284217e-01
2.295574560921722074e-01,2.295574560921722074e-01
-1.990241095409861494e-01,-1.990241095409861494e-01
-9.540248381788377641e-01,-9.540248381788377641e-01
-1.114093559230849295e-01,-1.114093559230849295e-01
-1.234777755702264779e+00,-1.234777755702264779e+00
-1.709365561866943661e+00,-1.709365561866943661e+00
-1.471815262712025341e+00,-1.471815262712025341e+00
1.135864880209184413e+00,1.135864880209184413e+00
-1.337112944010452109e+00,-1.337112944010452109e+00
1.070913251806809852e+00,1.070913251806809852e+00
1.047932391117341877e-01,1.047932391117341877e-01
2.998153565197015369e-01,2.998153565197015369e-01
-4.975296212744813040e-01,-4.975296212744813040e-01
-2.688249067170265030e-02,-2.688249067170265030e-02
-1.549491914608801757e+00,-1.549491914608801757e+00
-4.839462399830836148e-01,-4.839462399830836148e-01
9.360102715869438039e-02,9.360102715869438039e-02
6.212738245663008696e-01,6.212738245663008696e-01
-3.661437168810468545e-01,-3.661437168810468545e-01
-7.078745003821561993e-03,-7.078745003821561993e-03
-1.152385680839464882e-01,-1.152385680839464882e-01
4.491879516664902816e-01,4.491879516664902816e-01
-2.080425426015717061e-01,-2.080425426015717061e-01
2.051274342072100243e-01,2.051274342072100243e-01
8.001485999571946728e-01,8.001485999571946728e-01
-7.063134762552348844e-01,-7.063134762552348844e-01
1.986785381815212581e-01,1.986785381815212581e-01
1.245969961947656773e-01,1.245969961947656773e-01
7.984931781039481535e-01,7.984931781039481535e-01
-2.660324828331306901e-01,-2.660324828331306901e-01
-4.222497150253147202e-01,-4.222497150253147202e-01
-2.927421878251008636e-01,-2.927421878251008636e-01
6.369083687306515973e-01,6.369083687306515973e-01
-4.582063790194902397e-01,-4.582063790194902397e-01
1.063154505287339457e+00,1.063154505287339457e+00
-7.916485296434024044e-02,-7.916485296434024044e-02
6.457540046963543556e-01,6.457540046963543556e-01
-2.848050793166771455e-01,-2.848050793166771455e-01
5.623697805682524864e-01,5.623697805682524864e-01
-7.003216321127959665e-01,-7.003216321127959665e-01
2.825811307639812808e-01,2.825811307639812808e-01
-4.260733508769449784e-01,-4.260733508769449784e-01
-3.114033094924582579e-01,-3.114033094924582579e-01
4.901666157747278652e-01,4.901666157747278652e-01
5.793754803823529809e-01,5.793754803823529809e-01
-1.099166909543412674e+00,-1.099166909543412674e+00
6.024399172192109742e-01,6.024399172192109742e-01
1.596066681839761081e+00,1.596066681839761081e+00
-2.731669566836787966e-01,-2.731669566836787966e-01
-7.444383542478044680e-01,-7.444383542478044680e-01
-9.179511230592418691e-01,-9.179511230592418691e-01
6.021946509347574084e-02,6.021946509347574084e-02
-1.567300186297357345e-01,-1.567300186297357345e-01
-1.127860935896204397e-01,-1.127860935896204397e-01
-7.266857600377261139e-01,-7.266857600377261139e-01
-2.931434994464635069e-01,-2.931434994464635069e-01
4.872013434276997179e-01,4.872013434276997179e-01
-4.810924481598301550e-01,-4.810924481598301550e-01
-1.371155649739416553e-03,-1.371155649739416553e-03
-7.127066377266114694e-01,-7.127066377266114694e-01
-2.723643334409743266e-01,-2.723643334409743266e-01
-1.433194287256457089e-01,-1.433194287256457089e-01
-4.862259287976772315e-01,-4.862259287976772315e-01
7.518041450483807786e-01,7.518041450483807786e-01
5.770344807042263602e-01,5.770344807042263602e-01
2.090123809223733142e-01,2.090123809223733142e-01
9.906670742903077587e-01,9.906670742903077587e-01
1.257396316104708867e-01,1.257396316104708867e-01
5.396509150908385122e-01,5.396509150908385122e-01
-3.014206087127064282e-01,-3.014206087127064282e-01
-9.006165751057119973e-02,-9.006165751057119973e-02
2.006739550850117904e-01,2.006739550850117904e-01
-8.162959362666930563e-01,-8.162959362666930563e-01
7.514056187278410626e-01,7.514056187278410626e-01
-6.704181288321675591e-01,-6.704181288321675591e-01
-1.241399443115261264e-01,-1.241399443115261264e-01
-3.693932497240068891e-01,-3.693932497240068891e-01
-1.874361565682398090e-01,-1.874361565682398090e-01
-3.014763546821793150e-01,-3.014763546821793150e-01
-2.588924269657760791e-01,-2.588924269657760791e-01
7.117925339601219870e-01,7.117925339601219870e-01
-7.534121711270996835e-02,-7.534121711270996835e-02
-3.332080654957867427e-01,-3.332080654957867427e-01
3.834949994697626763e-01,3.834949994697626763e-01
-1.933722661563665457e-01,-1.933722661563665457e-01
-1.522765452151230436e-01,-1.522765452151230436e-01
1.025637199573926073e-01,1.025637199573926073e-01
-1.019394529960559181e-01,-1.019394529960559181e-01
2.739640150323335299e-01,2.739640150323335299e-01
2.178580225956408267e-01,2.178580225956408267e-01
7.898704974782403410e-01,7.898704974782403410e-01
8.818216733853234679e-01,8.818216733853234679e-01
-1.275622628342185927e-01,-1.275622628342185927e-01
4.348687886444055350e-02,4.348687886444055350e-02
4.350360379680680567e-01,4.350360379680680567e-01
-9.195117590709356303e-02,-9.195117590709356303e-02
5.183645275418681253e-01,5.183645275418681253e-01
-2.045031672458733352e-01,-2.045031672458733352e-01
3.865160063711132743e-01,3.865160063711132743e-01
1.384089034277934949e-01,1.384089034277934949e-01
8.219143046732617364e-02,8.219143046732617364e-02
-3.224784760276425688e-01,-3.224784760276425688e-01
1.409171238915820634e-01,1.409171238915820634e-01
7.426714518707729917e-01,7.426714518707729917e-01
7.051151062852278883e-01,7.051151062852278883e-01
7.918714906909517515e-01,7.918714906909517515e-01
6.053155005971858592e-03,6.053155005971858592e-03
5.138497432637121332e-01,5.138497432637121332e-01
2.572983159760626193e-01,2.572983159760626193e-01
7.496944566126968468e-01,7.496944566126968468e-01
-9.079628516778442959e-01,-9.079628516778442959e-01
1.167200855710671004e+00,1.167200855710671004e+00
-1.599681591359192016e-03,-1.599681591359192016e-03
1.467417529559341405e-01,1.467417529559341405e-01
-2.286990868799948506e-01,-2.286990868799948506e-01
-2.989068233548577425e-01,-2.989068233548577425e-01
-1.115893919463216699e+00,-1.115893919463216699e+00
9.465503578628847725e-01,9.465503578628847725e-01
1.347731052954811215e+00,1.347731052954811215e+00
5.984379193786274476e-01,5.984379193786274476e-01
-5.403364986232833678e-01,-5.403364986232833678e-01
8.154431433637365778e-01,8.154431433637365778e-01
2.926864532707887379e-01,2.926864532707887379e-01
-2.756807991173313224e-02,-2.756807991173313224e-02
2.298974568500018190e-01,2.298974568500018190e-01
-2.608934258860731159e-01,-2.608934258860731159e-01
-2.299587677135244423e-01,-2.299587677135244423e-01
1.439994359488801223e-01,1.439994359488801223e-01
6.438198986563864468e-01,6.438198986563864468e-01
3.478058784590171496e-03,3.478058784590171496e-03
-1.069001479541601407e-01,-1.069001479541601407e-01
-2.607262108079759777e-01,-2.607262108079759777e-01
-1.054537395263266841e+00,-1.054537395263266841e+00
4.999319375237161189e-01,4.999319375237161189e-01
7.248631231063824565e-01,7.248631231063824565e-01
-5.164805854545770902e-01,-5.164805854545770902e-01
-2.656869000585049823e-01,-2.656869000585049823e-01
6.743476631907867613e-01,6.743476631907867613e-01
-8.915312434572740530e-02,-8.915312434572740530e-02
-2.105786731493614755e-02,-2.105786731493614755e-02
1.381803774861633249e-01,1.381803774861633249e-01
-7.597942028102834255e-01,-7.597942028102834255e-01
6.411890564655318148e-01,6.411890564655318148e-01
1.982827914542291403e-01,1.982827914542291403e-01
-2.783004373215258731e-01,-2.783004373215258731e-01
-4.439374141956476949e-01,-4.439374141956476949e-01
-5.676760468858216280e-01,-5.676760468858216280e-01
3.504813082933173202e-02,3.504813082933173202e-02
-1.893814152266390938e-01,-1.893814152266390938e-01
-4.301812529320927503e-01,-4.301812529320927503e-01
-2.572370051125296153e-01,-2.572370051125296153e-01
-4.355488244056197056e-01,-4.355488244056197056e-01
-3.532403485204483884e-01,-3.532403485204483884e-01
-6.258945130590106709e-01,-6.258945130590106709e-01
5.917047514418563026e-01,5.917047514418563026e-01
-3.681503320636326376e-02,-3.681503320636326376e-02
-1.011095098334686249e+00,-1.011095098334686249e+00
4.500964791237588858e-01,4.500964791237588858e-01
4.131755474104170656e-01,4.131755474104170656e-01
-7.891904845474203567e-01,-7.891904845474203567e-01
-1.952562139512432071e-01,-1.952562139512432071e-01
1.203670306142408553e+00,1.203670306142408553e+00
-1.682009318922225161e-01,-1.682009318922225161e-01
1.346633016597733115e-02,1.346633016597733115e-02
-7.611597878583875598e-01,-7.611597878583875598e-01
4.497007381040419305e-01,4.497007381040419305e-01
-1.493670131299822679e-01,-1.493670131299822679e-01
4.396511558591321700e-01,4.396511558591321700e-01
6.570576971731687532e-01,6.570576971731687532e-01
-1.753911517122539176e-01,-1.753911517122539176e-01
2.641429587290435310e-01,2.641429587290435310e-01
3.135213595381652341e-01,3.135213595381652341e-01
-9.487129898444724985e-01,-9.487129898444724985e-01
3.509829478199816277e-02,3.509829478199816277e-02
7.894190104890504989e-01,7.894190104890504989e-01
-2.631396397225327366e-02,-2.631396397225327366e-02
1.668498372574895194e+00,1.668498372574895194e+00
-5.144795808266945381e-01,-5.144795808266945381e-01
-1.470260191594516264e-01,-1.470260191594516264e-01
-7.403304521926463710e-01,-7.403304521926463710e-01
-5.479057704887172787e-03,-5.479057704887172787e-03
-5.878253753283283478e-01,-5.878253753283283478e-01
2.302987684713540539e-01,2.302987684713540539e-01
-9.020267420897175592e-01,-9.020267420897175592e-01
3.148869445862589322e-01,3.148869445862589322e-01
-6.565952858684308453e-03,-6.565952858684308453e-03
-5.210957090531956326e-02,-5.210957090531956326e-02
-1.162006064209301304e+00,-1.162006064209301304e+00
-4.810924481598301550e-01,-4.810924481598301550e-01
-4.966155118004166313e-01,-4.966155118004166313e-01
-1.575716589142711968e-02,-1.575716589142711968e-02
7.940397046893354904e-01,7.940397046893354904e-01
6.363398363236374422e-01,6.363398363236374422e-01
-3.305270593522761091e-01,-3.305270593522761091e-01
1.205448344015156159e-01,1.205448344015156159e-01
1.190008873644685522e-01,1.190008873644685522e-01
-5.889066941729046434e-01,-5.889066941729046434e-01
8.189825130118493224e-01,8.189825130118493224e-01
1.764780411584758457e-01,1.764780411584758457e-01
1.000309774312230005e+00,1.000309774312230005e+00
-1.059916147893163463e-01,-1.059916147893163463e-01
3.487924457074814133e-01,3.487924457074814133e-01
-3.438261744401459041e-01,-3.438261744401459041e-01
2.398355585711265670e-01,2.398355585711265670e-01
2.658596914458230542e-01,2.658596914458230542e-01
3.898324720474703048e-02,3.898324720474703048e-02
8.738845648768998053e-01,8.738845648768998053e-01
4.688244879638597817e-01,4.688244879638597817e-01
-2.123789648907640493e-01,-2.123789648907640493e-01
-8.253143693272059489e-02,-8.253143693272059489e-02
-3.996479063809170729e-01,-3.996479063809170729e-01
-6.118373852021723874e-02,-6.118373852021723874e-02
-5.295455982916061899e-01,-5.295455982916061899e-01
9.326102069328957855e-02,9.326102069328957855e-02
-9.721174274391601866e-01,-9.721174274391601866e-01
-1.791033070400991634e-01,-1.791033070400991634e-01
-3.781274165810853405e-01,-3.781274165810853405e-01
7.478662433721426916e-01,7.478662433721426916e-01
1.816170981055334199e-01,1.816170981055334199e-01
-2.389214605122226831e-01,-2.389214605122226831e-01
9.063576051924146504e-02,9.063576051924146504e-02
7.008901588122350423e-01,7.008901588122350423e-01
8.442095875378911041e-01,8.442095875378911041e-01
6.295063518966319271e-02,6.295063518966319271e-02
4.378229768641018343e-02,4.378229768641018343e-02
-3.475383354755871568e-01,-3.475383354755871568e-01
-2.396014677354570688e-01,-2.396014677354570688e-01
-2.280190796567604650e-01,-2.280190796567604650e-01
-5.115143141872415811e-01,-5.115143141872415811e-01
-4.876584010185248674e-01,-4.876584010185248674e-01
7.438140872864678066e-01,7.438140872864678066e-01
-9.807902777251200632e-01,-9.807902777251200632e-01
-7.757743240417054320e-01,-7.757743240417054320e-01
5.312065907464984527e-01,5.312065907464984527e-01
-5.132867871659084757e-01,-5.132867871659084757e-01
6.901048347897890123e-01,6.901048347897890123e-01
7.916986993036336795e-01,7.916986993036336795e-01
6.230964614976342020e-01,6.230964614976342020e-01
3.280188445960627863e-01,3.280188445960627863e-01
-3.967383742957659165e-01,-3.967383742957659165e-01
1.093063579169613497e+00,1.093063579169613497e+00
-9.681210059077974828e-01,-9.681210059077974828e-01
3.180250026130299057e-01,3.180250026130299057e-01
6.095688204681342093e-01,6.095688204681342093e-01
1.177467828401494720e-01,1.177467828401494720e-01
6.706968187264537029e-01,6.706968187264537029e-01
-2.763050204180353409e-01,-2.763050204180353409e-01
-6.409326489777245062e-02,-6.409326489777245062e-02
2.338938783813541700e-01,2.338938783813541700e-01
-9.254256033751947497e-01,-9.254256033751947497e-01
-7.176729032863510271e-01,-7.176729032863510271e-01
-2.362906240289536774e-01,-2.362906240289536774e-01
5.273383786665625933e-02,5.273383786665625933e-02
-2.868060782369741268e-01,-2.868060782369741268e-01
2.485697254282050461e-01,2.485697254282050461e-01
1.110180759507499060e+00,1.110180759507499060e+00
1.386597249034137835e+00,1.386597249034137835e+00
3.261906370630733853e-01,3.261906370630733853e-01
8.738622767628144439e-02,8.738622767628144439e-02
-5.418191290892222511e-01,-5.418191290892222511e-01
2.483133350632479516e-02,2.483133350632479516e-02
-2.962481338634226011e-02,-2.962481338634226011e-02
4.365130978323611965e-01,4.365130978323611965e-01
2.136386457242936410e-01,2.136386457242936410e-01
8.865036784491415744e-01,8.865036784491415744e-01
6.534736942209154464e-02,6.534736942209154464e-02
2.130088081613216444e-01,2.130088081613216444e-01
-4.215641372004449994e-01,-4.215641372004449994e-01
5.459326074535909568e-01,5.459326074535909568e-01
4.277845072845036234e-01,4.277845072845036234e-01
1.276180030961162892e-01,1.276180030961162892e-01
1.096541643661789411e+00,1.096541643661789411e+00
-2.671695419396046267e-01,-2.671695419396046267e-01
1.007561304995784113e+00,1.007561304995784113e+00
3.864602661092259583e-01,3.864602661092259583e-01
2.994753500543071434e-01,2.994753500543071434e-01
6.341158877709415220e-01,6.341158877709415220e-01
7.944410220182733795e-01,7.944410220182733795e-01
-1.138551462661936631e+00,-1.138551462661936631e+00
-7.907288609828424519e-01,-7.907288609828424519e-01
1.309550446115525402e+00,1.309550446115525402e+00
8.620123399930607055e-01,8.620123399930607055e-01
-6.177901951800650604e-01,-6.177901951800650604e-01
-8.302806291794428972e-01,-8.302806291794428972e-01
7.478606727704969481e-01,7.478606727704969481e-01
-1.081587101013066654e+00,-1.081587101013066654e+00
-7.676086838840763260e-01,-7.676086838840763260e-01
2.032981097001060000e+00,2.032981097001060000e+00
1.173254016424218005e+00,1.173254016424218005e+00
-1.437458286016794595e+00,-1.437458286016794595e+00
9.301076084390127452e-01,9.301076084390127452e-01
8.192110389534795756e-01,8.192110389534795756e-01
7.774854861568392117e-01,7.774854861568392117e-01
3.449688041482655843e-01,3.449688041482655843e-01
-8.499729114462853952e-01,-8.499729114462853952e-01
7.503187235740335082e-01,7.503187235740335082e-01
9.681210059077974828e-01,9.681210059077974828e-01
-1.291914897323281686e+00,-1.291914897323281686e+00
8.515725987452301693e-01,8.515725987452301693e-01
-4.618572234838128621e-01,-4.618572234838128621e-01
-9.473474105039539905e-01,-9.473474105039539905e-01
1.859529639053155936e+00,1.859529639053155936e+00
-6.557422817853270081e-01,-6.557422817853270081e-01
-1.775091960503856481e-01,-1.775091960503856481e-01
-1.245914198855447852e-01,-1.245914198855447852e-01
3.879986368370521577e-01,3.879986368370521577e-01
1.316969186169580697e+00,1.316969186169580697e+00
2.118661727456268018e-01,2.118661727456268018e-01
4.479840053872624073e-01,4.479840053872624073e-01
1.291000799264377719e+00,1.291000799264377719e+00
1.669468216603282318e-01,1.669468216603282318e-01
1.692811343334447383e+00,1.692811343334447383e+00
4.024403816330519579e-01,4.024403816330519579e-01
-1.034839536687214068e+00,-1.034839536687214068e+00
4.558653736337988094e-01,4.558653736337988094e-01
6.022615552302680308e-01,6.022615552302680308e-01
-4.123116075965940208e-01,-4.123116075965940208e-01
2.292731898886547215e-01,2.292731898886547215e-01
-5.336033306865123338e-01,-5.336033306865123338e-01
5.194235582723279870e-02,5.194235582723279870e-02
-2.615232691566307111e-01,-2.615232691566307111e-01
8.441538472760765077e-02,8.441538472760765077e-02
-1.110136149033783964e-01,-1.110136149033783964e-01
3.454202911374553708e-01,3.454202911374553708e-01
1.292879170750023121e+00,1.292879170750023121e+00
-7.523754627562282415e-01,-7.523754627562282415e-01
1.527581254390898646e+00,1.527581254390898646e+00
7.037439506354988827e-01,7.037439506354988827e-01
-1.269307518077238406e+00,-1.269307518077238406e+00
-1.837557673679305337e+00,-1.837557673679305337e+00
1.749887179799516801e+00,1.749887179799516801e+00
-3.326395330887622070e-01,-3.326395330887622070e-01
-2.163196461602083162e-02,-2.163196461602083162e-02
1.533857364736844531e+00,1.533857364736844531e+00
4.811314366638163448e-02,4.811314366638163448e-02
8.086542408726326014e-01,8.086542408726326014e-01
1.142943625213016290e+00,1.142943625213016290e+00
5.219596431594643038e-01,5.219596431594643038e-01
1.347903844342139612e+00,1.347903844342139612e+00
9.745699076410614392e-01,9.745699076410614392e-01
4.696772808668266408e-01,4.696772808668266408e-01
1.770833566590668040e+00,1.770833566590668040e+00
3.599177704877569717e-01,3.599177704877569717e-01
7.978076059866640035e-01,7.978076059866640035e-01
1.048539969104032021e+00,1.048539969104032021e+00
-1.253555928495042604e+00,-1.253555928495042604e+00
1.907419833087138583e+00,1.907419833087138583e+00
2.385591316869595593e-02,2.385591316869595593e-02
1.003966195085794322e+00,1.003966195085794322e+00
1.708222932158824037e+00,1.708222932158824037e+00
-5.754559736774431222e+00,-5.754559736774431222e+00
3.133062110310972592e+00,3.133062110310972592e+00
-2.395184132612631522e+00,-2.395184132612631522e+00
-1.533456053115492379e+00,-1.533456053115492379e+00
-1.443277344479490409e+00,-1.443277344479490409e+00
-2.081902451634527917e+00,-2.081902451634527917e+00
2.169740154884817862e+00,2.169740154884817862e+00
-3.661186383292587720e+00,-3.661186383292587720e+00
-1.249275240760151950e+00,-1.249275240760151950e+00
-2.106778367076712843e+00,-2.106778367076712843e+00
-4.824636095171447869e-01,-4.824636095171447869e-01
2.458714447120175617e+00,2.458714447120175617e+00
1.243851917609587243e+00,1.243851917609587243e+00
-7.490088787878375065e-01,-7.490088787878375065e-01
-1.792064213877761381e+00,-1.792064213877761381e+00
3.593893749504500690e+00,3.593893749504500690e+00
-1.917291053343084695e+00,-1.917291053343084695e+00
4.059797569887503288e-01,4.059797569887503288e-01
-1.050368176637010986e+00,-1.050368176637010986e+00
2.369789843008492713e+00,2.369789843008492713e+00
2.070710233973923398e+00,2.070710233973923398e+00
1.269541620328068721e+00,1.269541620328068721e+00
1.032158530543692887e+00,1.032158530543692887e+00
1.941838120645891896e+00,1.941838120645891896e+00
-1.116573915271279915e+00,-1.116573915271279915e+00
9.667498445504724147e-01,9.667498445504724147e-01
-1.081932672372531545e+00,-1.081932672372531545e+00
1.141003937156252368e+00,1.141003937156252368e+00
-5.883381674734655675e-01,-5.883381674734655675e-01
8.758298235352990346e-01,8.758298235352990346e-01
1.509711614762975218e+00,1.509711614762975218e+00
-7.975790800450338613e-01,-7.975790800450338613e-01
-1.225185219632998646e+00,-1.225185219632998646e+00
9.376378233092570458e-01,9.376378233092570458e-01
1.573598676078996617e-01,1.573598676078996617e-01
-2.327668549192166925e+00,-2.327668549192166925e+00
-2.512022382287916411e+00,-2.512022382287916411e+00
-1.512905407344058206e+00,-1.512905407344058206e+00
5.670462093228495482e-01,5.670462093228495482e-01
-3.370317013474274370e-01,-3.370317013474274370e-01
2.877536261605991186e+00,2.877536261605991186e+00
7.964921848912471791e-01,7.964921848912471791e-01
-4.629441186376307971e-01,-4.629441186376307971e-01
-4.631670682700296804e-01,-4.631670682700296804e-01
-2.148793762386070672e+00,-2.148793762386070672e+00
-6.048868211119017291e-01,-6.048868211119017291e-01
-1.163148693917420928e+00,-1.163148693917420928e+00
1.293681805407909335e+00,1.293681805407909335e+00
1.371988283452465707e+00,1.371988283452465707e+00
-5.199642148408128994e-01,-5.199642148408128994e-01
-1.786640890727165587e+00,-1.786640890727165587e+00
7.826802719506233963e-01,7.826802719506233963e-01
-2.099264846888524161e-01,-2.099264846888524161e-01
-1.151103689061445445e+00,-1.151103689061445445e+00
-6.691027020291442362e-01,-6.691027020291442362e-01
1.539392162703619116e+00,1.539392162703619116e+00
-1.522325152025995942e+00,-1.522325152025995942e+00
5.588861454744310509e-01,5.588861454744310509e-01
1.086096314689577014e+00,1.086096314689577014e+00
7.219535910212312446e-01,7.219535910212312446e-01
1.512682452004073808e+00,1.512682452004073808e+00
-2.955959796483543234e-01,-2.955959796483543234e-01
3.039845694383823127e-01,3.039845694383823127e-01
1.010526571635257609e+00,1.010526571635257609e+00
1.101680689193675677e+00,1.101680689193675677e+00
-6.497504262277273845e-01,-6.497504262277273845e-01
-4.634569107827576362e-01,-4.634569107827576362e-01
-2.593550494506613457e-01,-2.593550494506613457e-01
-6.642479169932001826e-01,-6.642479169932001826e-01
4.965040369842171897e-01,4.965040369842171897e-01
-9.130461683630145542e-01,-9.130461683630145542e-01
1.432207754253537413e+00,1.432207754253537413e+00
-1.560282809232903745e+00,-1.560282809232903745e+00
1.756397392396313872e+00,1.756397392396313872e+00
1.593954208103264714e+00,1.593954208103264714e+00
1.589595491992484566e-01,1.589595491992484566e-01
6.023172897845697760e-01,6.023172897845697760e-01
-4.373714670445489339e-01,-4.373714670445489339e-01
1.178276022245875909e+00,1.178276022245875909e+00
-2.881214993324014428e-01,-2.881214993324014428e-01
1.965158947847624182e-01,1.965158947847624182e-01
3.027861994683961333e-01,3.027861994683961333e-01
6.125953979711097341e-01,6.125953979711097341e-01
-2.509452856668180409e+00,-2.509452856668180409e+00
5.387925515862259651e-01,5.387925515862259651e-01
-1.013034780683864655e+00,-1.013034780683864655e+00
1.545004994754149152e-01,1.545004994754149152e-01
1.004250455581695123e+00,1.004250455581695123e+00
5.330794087532652464e-02,5.330794087532652464e-02
-4.048928675425284007e-01,-4.048928675425284007e-01
-9.383847177052557775e-01,-9.383847177052557775e-01
1.142770833825698329e+00,1.142770833825698329e+00
-1.880018968253481804e+00,-1.880018968253481804e+00
1.400130466372879523e+00,1.400130466372879523e+00
1.049604541898105786e-01,1.049604541898105786e-01
1.358973440275698996e+00,1.358973440275698996e+00
7.863924329860542128e-01,7.863924329860542128e-01
2.103701625621060334e+00,2.103701625621060334e+00
1.249448026439884396e+00,1.249448026439884396e+00
-8.938666782413093870e-01,-8.938666782413093870e-01
4.550070044216110721e-01,4.550070044216110721e-01
1.716738424354719971e-03,1.716738424354719971e-03
1.922313053457146648e+00,1.922313053457146648e+00
-4.948430502369624562e-02,-4.948430502369624562e-02
-1.615290691113365970e-02,-1.615290691113365970e-02
-4.990178280496410657e-01,-4.990178280496410657e-01
-9.642700021922249315e-03,-9.642700021922249315e-03
5.011247311844814201e-01,5.011247311844814201e-01
-1.297561175813830792e+00,-1.297561175813830792e+00
-9.455749375252870959e-01,-9.455749375252870959e-01
-1.381179502192794173e+00,-1.381179502192794173e+00
2.534507139806925213e+00,2.534507139806925213e+00
4.415964202251170256e-01,4.415964202251170256e-01
-7.079688981084917287e-01,-7.079688981084917287e-01
-7.568791058310929687e-01,-7.568791058310929687e-01
-3.449130695939638391e-01,-3.449130695939638391e-01
5.220153777137763740e-01,5.220153777137763740e-01
-6.742361826669913683e-01,-6.742361826669913683e-01
-9.691187657278337031e-02,-9.691187657278337031e-02
3.060346159079886164e+00,3.060346159079886164e+00
-1.069558825084722664e-01,-1.069558825084722664e-01
4.550627446834983880e-01,4.550627446834983880e-01
2.271049758902813631e-01,2.271049758902813631e-01
-1.781507415796914406e+00,-1.781507415796914406e+00
6.179574102581621986e-01,6.179574102581621986e-01
3.378900648520296035e-01,3.378900648520296035e-01
-1.242709287901478055e+00,-1.242709287901478055e+00
7.243447546520243030e-01,7.243447546520243030e-01
-1.454631200908981681e+00,-1.454631200908981681e+00
-4.640198725881261588e-02,-4.640198725881261588e-02
1.119143452306186948e+00,1.119143452306186948e+00
-8.543706503065755520e-01,-8.543706503065755520e-01
2.175737620997193200e-01,2.175737620997193200e-01
8.653845002706826994e-01,8.653845002706826994e-01
-2.437478223523882104e+00,-2.437478223523882104e+00
-2.180982530790523732e+00,-2.180982530790523732e+00
-3.014206144202919990e-01,-3.014206144202919990e-01
7.174443830523272725e-01,7.174443830523272725e-01
-2.947376161437625930e-01,-2.947376161437625930e-01
1.488079644439368687e+00,1.488079644439368687e+00
-2.048487443129134444e-01,-2.048487443129134444e-01
-1.413424010859124502e+00,-1.413424010859124502e+00
1.227191794862516394e+00,1.227191794862516394e+00
-1.617576064681898185e-01,-1.617576064681898185e-01
-4.710428602073140625e-01,-4.710428602073140625e-01
1.056070183974276322e+00,1.056070183974276322e+00
1.135067833275711147e+00,1.135067833275711147e+00
-6.051153470535111101e-01,-6.051153470535111101e-01
2.475943107981721514e-01,2.475943107981721514e-01
-5.890404399803806507e-02,-5.890404399803806507e-02
-1.498926285032943673e+00,-1.498926285032943673e+00
-6.448399066374503885e-01,-6.448399066374503885e-01
2.009069443570445923e+00,2.009069443570445923e+00
1.587254526559725987e-01,1.587254526559725987e-01
1.980531525337910992e+00,1.980531525337910992e+00
-4.750392931538686692e-01,-4.750392931538686692e-01
-1.030820769965692107e-01,-1.030820769965692107e-01
-1.002650773990356514e+00,-1.002650773990356514e+00
-8.908401007383234260e-01,-8.908401007383234260e-01
-1.834642570992539801e+00,-1.834642570992539801e+00
-1.552234225908259768e+00,-1.552234225908259768e+00
1.353210116367284055e+00,1.353210116367284055e+00
2.465854782659233913e-02,2.465854782659233913e-02
3.026691483429549967e-01,3.026691483429549967e-01
5.942185425072802341e-01,5.942185425072802341e-01
6.809693506037728383e-01,6.809693506037728383e-01
-1.229014431793870488e+00,-1.229014431793870488e+00
1.544358428263379546e+00,1.544358428263379546e+00
1.502749920884563606e+00,1.502749920884563606e+00
1.767623073619933316e-01,1.767623073619933316e-01
1.562172321921944385e-01,1.562172321921944385e-01
6.352529468774050780e-01,6.352529468774050780e-01
-2.077360111143943325e-02,-2.077360111143943325e-02
-1.596696525110318676e+00,-1.596696525110318676e+00
2.767620665936789126e-01,2.767620665936789126e-01
-2.606883090280140536e+00,-2.606883090280140536e+00
-8.023112433539431043e-01,-8.023112433539431043e-01
1.036037906657210517e+00,1.036037906657210517e+00
3.317254293222623440e-01,3.317254293222623440e-01
1.535797052793619111e+00,1.535797052793619111e+00
-6.043182887048563767e-01,-6.043182887048563767e-01
4.728153388935872337e-01,4.728153388935872337e-01
-1.104590221278816564e+00,-1.104590221278816564e+00
-4.560325944194815739e-01,-4.560325944194815739e-01
-9.074161907312097708e-03,-9.074161907312097708e-03
6.008903938729430738e-01,6.008903938729430738e-01
-9.204036032611326856e-01,-9.204036032611326856e-01
-9.122992796746222099e-01,-9.122992796746222099e-01
-1.965103184755518928e-01,-1.965103184755518928e-01
4.081479652795589330e-01,4.081479652795589330e-01
1.109840758749669476e+00,1.109840758749669476e+00
1.007912412711401973e-01,1.007912412711401973e-01
-5.998090693207915880e-01,-5.998090693207915880e-01
-1.100136747864214337e+00,-1.100136747864214337e+00
2.416024609481685070e-01,2.416024609481685070e-01
-2.376617796786930914e-01,-2.376617796786930914e-01
-6.777198177607920426e-01,-6.777198177607920426e-01
1.247508338383099602e+00,1.247508338383099602e+00
1.271759998279150095e+00,1.271759998279150095e+00
3.261293261995611426e-01,3.261293261995611426e-01
-3.498180299977663443e-01,-3.498180299977663443e-01
6.964422559992784478e-01,6.964422559992784478e-01
-1.234543664866460388e-01,-1.234543664866460388e-01
2.578668483830871550e-01,2.578668483830871550e-01
1.493112785756701422e-01,1.493112785756701422e-01
3.741867296040243263e-01,3.741867296040243263e-01
-4.199031390379672213e-01,-4.199031390379672213e-01
-7.454695034321286995e-01,-7.454695034321286995e-01
-3.309228003719930644e-01,-3.309228003719930644e-01
-6.344558942363359710e-01,-6.344558942363359710e-01
1.247792610294223392e+00,1.247792610294223392e+00
-4.943915689553063375e-01,-4.943915689553063375e-01
2.676823283771458950e-01,2.676823283771458950e-01
7.446111399275473497e-01,7.446111399275473497e-01
1.251387714496648318e+00,1.251387714496648318e+00
3.417137064112454325e-01,3.417137064112454325e-01
-6.790296682546047569e-01,-6.790296682546047569e-01
-1.860538711303490189e-02,-1.860538711303490189e-02
1.306445863066877933e-01,1.306445863066877933e-01
-1.676881397470956492e-01,-1.676881397470956492e-01
-7.494046198075544618e-01,-7.494046198075544618e-01
1.152329917747152155e-01,1.152329917747152155e-01
1.293286064388192269e+00,1.293286064388192269e+00
1.661441927100381910e-01,1.661441927100381910e-01
-7.375379712329362958e-01,-7.375379712329362958e-01
-6.275443643106115577e-01,-6.275443643106115577e-01
7.076233267490268375e-01,7.076233267490268375e-01
-1.231182645792254338e+00,-1.231182645792254338e+00
5.512946140330577949e-01,5.512946140330577949e-01
8.861023611202036854e-01,8.861023611202036854e-01
8.692917008544594204e-02,8.692917008544594204e-02
3.037003032348648546e-01,3.037003032348648546e-01
-1.419989958010212883e+00,-1.419989958010212883e+00
2.376060394168057754e-01,2.376060394168057754e-01
4.606588535137955409e-01,4.606588535137955409e-01
4.037558027284792739e-01,4.037558027284792739e-01
-9.634334416575879301e-02,-9.634334416575879301e-02
-4.463508488176031602e-02,-4.463508488176031602e-02
4.824078692552470904e-01,4.824078692552470904e-01
7.865596480641409149e-01,7.865596480641409149e-01
2.973628763178106649e-01,2.973628763178106649e-01
6.614554360334693461e-01,6.614554360334693461e-01
-1.262747141527774897e+00,-1.262747141527774897e+00
-2.105507516501891052e-01,-2.105507516501891052e-01
1.838967812125310575e-01,1.838967812125310575e-01
-1.409031842600448892e+00,-1.409031842600448892e+00
-6.922173028186895394e-01,-6.922173028186895394e-01
-4.280074626244985136e-01,-4.280074626244985136e-01
-2.345292979611534046e-01,-2.345292979611534046e-01
8.109952462583551736e-01,8.109952462583551736e-01
-3.023347181867814815e-01,-3.023347181867814815e-01
9.852437568473286778e-01,9.852437568473286778e-01
1.870404155485125008e-01,1.870404155485125008e-01
7.703006257583062608e-03,7.703006257583062608e-03
7.616224160508583418e-01,7.616224160508583418e-01
1.939965331177032348e-01,1.939965331177032348e-01
2.571311008979654811e-01,2.571311008979654811e-01
4.969555182658214054e-01,4.969555182658214054e-01
-3.029589851481078178e-01,-3.029589851481078178e-01
-4.240166116947606811e-01,-4.240166116947606811e-01
-3.332638000500884878e-01,-3.332638000500884878e-01
1.545896798991184928e+00,1.545896798991184928e+00
-5.489536086473352228e-01,-5.489536086473352228e-01
5.195573212026231014e-01,5.195573212026231014e-01
-6.122553915057049601e-01,-6.122553915057049601e-01
1.097912793603932791e+00,1.097912793603932791e+00
2.357165267277443882e-02,2.357165267277443882e-02
3.610046656415644706e-01,3.610046656415644706e-01
-2.981097707137781994e-01,-2.981097707137781994e-01
2.973127180727194729e-01,2.973127180727194729e-01
5.040899978239654633e-01,5.040899978239654633e-01
8.074558709026360415e-01,8.074558709026360415e-01
5.902778555302296004e-01,5.902778555302296004e-01
1.264976672097277266e+00,1.264976672097277266e+00
-1.365483652872485631e+00,-1.365483652872485631e+00
1.433060547156483455e+00,1.433060547156483455e+00
-4.926246608706684182e-01,-4.926246608706684182e-01
6.103157091565161174e-01,6.103157091565161174e-01
-2.218254610172530672e+00,-2.218254610172530672e+00
4.377672137717891765e-02,4.377672137717891765e-02
-1.504973875144865803e+00,-1.504973875144865803e+00
-1.547903362805469196e-01,-1.547903362805469196e-01
-1.167713647855808112e+00,-1.167713647855808112e+00
-5.045414905207305095e-02,-5.045414905207305095e-02
1.513624471562191598e-01,1.513624471562191598e-01
1.669183950399754535e+00,1.669183950399754535e+00
-4.400524674804636160e-01,-4.400524674804636160e-01
3.172836788186769175e-01,3.172836788186769175e-01
1.487221280934787337e+00,1.487221280934787337e+00
2.849834413056200888e-01,2.849834413056200888e-01
-2.340109295067848705e-01,-2.340109295067848705e-01
4.515233750353855879e-01,4.515233750353855879e-01
8.795977248326379838e-01,8.795977248326379838e-01
1.259319246695840944e+00,1.259319246695840944e+00
3.001609335867416739e-01,3.001609335867416739e-01
1.187300025908096801e+00,1.187300025908096801e+00
-3.391553277023656721e-01,-3.391553277023656721e-01
-1.003219300689785154e+00,-1.003219300689785154e+00
6.348014655958008623e-01,6.348014655958008623e-01
2.189594075920525906e+00,2.189594075920525906e+00
-3.488426096601478510e-01,-3.488426096601478510e-01
1.875164177509931474e+00,1.875164177509931474e+00
-7.942570837200887413e-01,-7.942570837200887413e-01
-1.098943948495863410e+00,-1.098943948495863410e+00
1.115665387814031906e+00,1.115665387814031906e+00
1.334370615588122977e-01,1.334370615588122977e-01
-6.961468428848943679e-01,-6.961468428848943679e-01
4.097420819768580191e-01,4.097420819768580191e-01
7.584286177622000524e-01,7.584286177622000524e-01
-8.128736177440005761e-01,-8.128736177440005761e-01
7.701782152113875179e-01,7.701782152113875179e-01
3.402255224664280098e-02,3.402255224664280098e-02
1.661419633278648833e+00,1.661419633278648833e+00
6.264630397584600718e-01,6.264630397584600718e-01
-3.428005958574673606e-01,-3.428005958574673606e-01
1.043406488466195325e+00,1.043406488466195325e+00
-1.052592130897292311e+00,-1.052592130897292311e+00
-1.123769711400532056e+00,-1.123769711400532056e+00
-2.527656926452288122e+00,-2.527656926452288122e+00
7.830760186779154308e-01,7.830760186779154308e-01
-1.176899290286894884e+00,-1.176899290286894884e+00
-1.421589639601582356e+00,-1.421589639601582356e+00
-9.878690227289623760e-01,-9.878690227289623760e-01
2.589013450652237758e+00,2.589013450652237758e+00
2.100736358981607488e+00,2.100736358981607488e+00
9.960848211316722933e-01,9.960848211316722933e-01
-1.212471354464665696e+00,-1.212471354464665696e+00
-1.279067269224591463e+00,-1.279067269224591463e+00
-1.674150215959514743e+00,-1.674150215959514743e+00
1.479066793395589663e+00,1.479066793395589663e+00
1.434543177622432886e+00,1.434543177622432886e+00
-5.171382988561302324e-02,-5.171382988561302324e-02
-5.072391970540071071e-01,-5.072391970540071071e-01
-3.423881316176526357e-01,-3.423881316176526357e-01
1.353098635843498876e+00,1.353098635843498876e+00
-1.187221917625344743e-02,-1.187221917625344743e-02
1.221367160090599535e+00,1.221367160090599535e+00
-1.340825099338307735e+00,-1.340825099338307735e+00
2.075787974349851961e+00,2.075787974349851961e+00
-1.910368370798856130e-01,-1.910368370798856130e-01
2.909752854480797124e-01,2.909752854480797124e-01
6.953553608454604573e-01,6.953553608454604573e-01
-1.439057967608153632e+00,-1.439057967608153632e+00
6.734391300259325863e-01,6.734391300259325863e-01
-6.010018686891425155e-01,-6.010018686891425155e-01
2.277905594227158659e-01,2.277905594227158659e-01
6.105330881872901294e-01,6.105330881872901294e-01
5.372597514600558899e-01,5.372597514600558899e-01
-7.285195438799259016e-01,-7.285195438799259016e-01
-5.702009620318216482e-02,-5.702009620318216482e-02
1.408179049697492413e+00,1.408179049697492413e+00
-4.166982394990335903e-02,-4.166982394990335903e-02
-2.766505917774898515e-01,-2.766505917774898515e-01
1.463482413183905262e+00,1.463482413183905262e+00
1.433807452967539309e-01,1.433807452967539309e-01
2.346909310224440937e-01,2.346909310224440937e-01
-1.105788591248833885e+00,-1.105788591248833885e+00
-3.345736505438804964e-01,-3.345736505438804964e-01
8.943181595229136027e-01,8.943181595229136027e-01
3.316752710771814772e-01,3.316752710771814772e-01
1.030151955314112799e-01,1.030151955314112799e-01
-1.633171551851277270e+00,-1.633171551851277270e+00
1.040095639052116772e+00,1.040095639052116772e+00
1.897660087647350391e+00,1.897660087647350391e+00
7.180184803534118698e-01,7.180184803534118698e-01
1.030274588456391527e+00,1.030274588456391527e+00
-1.034833943255277916e-01,-1.034833943255277916e-01
6.100314429530194760e-01,6.100314429530194760e-01
-1.993641102988053804e-01,-1.993641102988053804e-01
0.000000000000000000e+00,0.000000000000000000e+00
1.365706596797298999e+00,1.365706596797298999e+00
1.527336028059481932e-01,1.527336028059481932e-01
-7.999200797231501570e-01,-7.999200797231501570e-01
-1.317760668209024821e+00,-1.317760668209024821e+00
-4.538086344516041315e-01,-4.538086344516041315e-01
1.696400876935237001e+00,1.696400876935237001e+00
-2.640783020799738257e+00,-2.640783020799738257e+00
6.951658804835789129e-02,6.951658804835789129e-02
1.088264528687939992e+00,1.088264528687939992e+00
6.930143611673547088e-01,6.930143611673547088e-01
7.901101646231515341e-01,7.901101646231515341e-01
-1.265366842515400492e-01,-1.265366842515400492e-01
-7.918157504290643800e-01,-7.918157504290643800e-01
5.638468233098926918e-02,5.638468233098926918e-02
1.367033176218597768e-01,1.367033176218597768e-01
-2.972514015016008426e-01,-2.972514015016008426e-01
-1.765928611894451050e+00,-1.765928611894451050e+00
1.315999342141203732e+00,1.315999342141203732e+00
1.531170793699263566e+00,1.531170793699263566e+00
1.298129702513300954e+00,1.298129702513300954e+00
-4.840521441976581851e-01,-4.840521441976581851e-01
-4.490151602791618846e-01,-4.490151602791618846e-01
2.767955472792219679e-02,2.767955472792219679e-02
0.000000000000000000e+00,0.000000000000000000e+00
-8.811862538055450500e-01,-8.811862538055450500e-01
-2.330410911859832623e-01,-2.330410911859832623e-01
1.837552097370074078e+00,1.837552097370074078e+00
-1.675153483597776050e-01,-1.675153483597776050e-01
-2.252823389589272973e-01,-2.252823389589272973e-01
5.294341177678419941e-01,5.294341177678419941e-01
1.806472540771462409e-01,1.806472540771462409e-01
4.165978659331199263e-01,4.165978659331199263e-01
1.204188674596756270e+00,1.204188674596756270e+00
1.132665517026466118e+00,1.132665517026466118e+00
2.275676040827521729e-01,2.275676040827521729e-01
-3.773471328207363834e-02,-3.773471328207363834e-02
-2.889687159261474236e-01,-2.889687159261474236e-01
1.196530255982639401e+00,1.196530255982639401e+00
-4.566624319824431621e-01,-4.566624319824431621e-01
-3.751621499416427641e-01,-3.751621499416427641e-01
9.139602778370999880e-01,9.139602778370999880e-01
-9.218862337270820051e-01,-9.218862337270820051e-01
5.524316674319461606e-01,5.524316674319461606e-01
-8.057948727401685884e-01,-8.057948727401685884e-01
7.938669133020278545e-01,7.938669133020278545e-01
-1.397209787376861856e+00,-1.397209787376861856e+00
-9.514051428988601344e-01,-9.514051428988601344e-01
3.267591637625227863e-01,3.267591637625227863e-01
1.416450588362110352e+00,1.416450588362110352e+00
-1.293793280224098341e+00,-1.293793280224098341e+00
7.290323360250527962e-01,7.290323360250527962e-01
-1.525663877278510272e-01,-1.525663877278510272e-01
-6.421588947863542396e-01,-6.421588947863542396e-01
-2.350365137970386320e-01,-2.350365137970386320e-01
1.949596867165362291e+00,1.949596867165362291e+00
-6.371424652739274830e-01,-6.371424652739274830e-01
-1.099267197495604892e-01,-1.099267197495604892e-01
-2.582447503501139163e+00,-2.582447503501139163e+00
-7.497557674762298507e-01,-7.497557674762298507e-01
6.645990646618858966e-01,6.645990646618858966e-01
1.568950088917197006e+00,1.568950088917197006e+00
8.794249334453095868e-01,8.794249334453095868e-01
-4.094633920825510587e-01,-4.094633920825510587e-01
-4.906872084744364315e+00,-4.906872084744364315e+00
2.323844913340505247e+00,2.323844913340505247e+00
5.707026243888074779e-01,5.707026243888074779e-01
2.428064049443559025e+00,2.428064049443559025e+00
7.049980551598179490e-01,7.049980551598179490e-01
6.285810955117318022e-01,6.285810955117318022e-01
3.290444231787620910e-01,3.290444231787620910e-01
-6.022058149683703343e-01,-6.022058149683703343e-01
2.041575901788124647e-01,2.041575901788124647e-01
-5.133369511185748024e-01,-5.133369511185748024e-01
-1.310347498756584184e+00,-1.310347498756584184e+00
-1.058645291610849748e+00,-1.058645291610849748e+00
1.353377331445370757e+00,1.353377331445370757e+00
1.422325392794341614e-01,1.422325392794341614e-01
3.192902540482155938e-01,3.192902540482155938e-01
1.921181616320474517e-01,1.921181616320474517e-01
-4.453698864164953308e-01,-4.453698864164953308e-01
1.596451270240974163e-01,1.596451270240974163e-01
1.590242047067844222e+00,1.590242047067844222e+00
-9.543035280731446690e-01,-9.543035280731446690e-01
9.554629152468964437e-02,9.554629152468964437e-02
1.725340106789124084e+00,1.725340106789124084e+00
-1.643327032603175919e+00,-1.643327032603175919e+00
-1.370622709819543150e+00,-1.370622709819543150e+00
7.181299608771865017e-01,7.181299608771865017e-01
4.668847999071061849e-01,4.668847999071061849e-01
2.307558260621584145e-01,2.307558260621584145e-01
-9.879805032527162467e-01,-9.879805032527162467e-01
-1.559485750884249011e+00,-1.559485750884249011e+00
-2.756305849379616646e+00,-2.756305849379616646e+00
-3.631673050430009653e+00,-3.631673050430009653e+00
-5.156177557657691146e+00,-5.156177557657691146e+00
-1.583118720128152468e+00,-1.583118720128152468e+00
4.487197477355591602e+00,4.487197477355591602e+00
1.302811707577098188e+00,1.302811707577098188e+00
-5.147727657004119273e+00,-5.147727657004119273e+00
-1.048935710123748866e+00,-1.048935710123748866e+00
3.769914738779726715e+00,3.769914738779726715e+00
-1.500693181702389634e+00,-1.500693181702389634e+00
1.057608560409698306e+00,1.057608560409698306e+00
-1.474206432050403803e+00,-1.474206432050403803e+00
8.871279454104782358e-01,8.871279454104782358e-01
7.068262626927969139e-01,7.068262626927969139e-01
-4.937617199771735521e-01,-4.937617199771735521e-01
-9.448391900401758026e-01,-9.448391900401758026e-01
-1.722263365333471574e+00,-1.722263365333471574e+00
2.830504436784186062e+00,2.830504436784186062e+00
1.575571776330203955e+00,1.575571776330203955e+00
1.820496233603317693e+00,1.820496233603317693e+00
1.560912646795875602e+00,1.560912646795875602e+00
-4.279015584099239988e-01,-4.279015584099239988e-01
-7.660758894654814410e-01,-7.660758894654814410e-01
1.251220499418572052e+00,1.251220499418572052e+00
-6.954668356616703351e-01,-6.954668356616703351e-01
-5.547838197285145379e-01,-5.547838197285145379e-01
5.029473681158355136e-01,5.029473681158355136e-01
9.411827749741971116e-01,9.411827749741971116e-01
1.239515495320395067e+00,1.239515495320395067e+00
2.599291524593420055e-01,2.599291524593420055e-01
8.273655322002316792e-01,8.273655322002316792e-01
2.433749339268353462e-01,2.433749339268353462e-01
-8.526594881914520974e-01,-8.526594881914520974e-01
-1.320157408149017941e+00,-1.320157408149017941e+00
2.155805620217158936e+00,2.155805620217158936e+00
7.430671928904795109e-01,7.430671928904795109e-01
4.530728926740783535e-01,4.530728926740783535e-01
-2.913208625151302300e-01,-2.913208625151302300e-01
-1.093024527882445612e-01,-1.093024527882445612e-01
-7.800550117765856495e-01,-7.800550117765856495e-01
-3.327565842141929076e-01,-3.327565842141929076e-01
9.041949560881117343e-01,9.041949560881117343e-01
-3.588308810415350436e-01,-3.588308810415350436e-01
-1.587343667601124553e+00,-1.587343667601124553e+00
5.357771209941065704e-01,5.357771209941065704e-01
-1.171280864804584571e-01,-1.171280864804584571e-01
-1.702966829793921333e+00,-1.702966829793921333e+00
-1.834876667535773942e+00,-1.834876667535773942e+00
-2.812099694066770295e-01,-2.812099694066770295e-01
-7.628765205751774081e-01,-7.628765205751774081e-01
-1.030263481498530503e-01,-1.030263481498530503e-01
-4.793474172442267756e-03,-4.793474172442267756e-03
2.833079533005588679e+00,2.833079533005588679e+00
-2.517579417000568309e-01,-2.517579417000568309e-01
-2.396159547242643573e+00,-2.396159547242643573e+00
6.740967920592155771e-02,6.740967920592155771e-02
-1.545618109096898563e+00,-1.545618109096898563e+00
-3.296352505490182327e+00,-3.296352505490182327e+00
-1.244855213785766163e-01,-1.244855213785766163e-01
-3.663666722210209281e-01,-3.663666722210209281e-01
7.849711133836587695e-01,7.849711133836587695e-01
7.305149721985876310e-01,7.305149721985876310e-01
-3.215766332923425619e+00,-3.215766332923425619e+00
-7.427829266869619973e-01,-7.427829266869619973e-01
4.617953532770894043e+00,4.617953532770894043e+00
-1.784645473823695871e+00,-1.784645473823695871e+00
6.624141331509795227e-01,6.624141331509795227e-01
6.315463621511951953e-01,6.315463621511951953e-01
5.434801272517104653e-01,5.434801272517104653e-01
3.108002245155432330e+00,3.108002245155432330e+00
9.657187010737856847e-02,9.657187010737856847e-02
-1.250585085546358277e+00,-1.250585085546358277e+00
-2.433147366128749933e+00,-2.433147366128749933e+00
-1.601434264728438528e+00,-1.601434264728438528e+00
1.060924974717837088e+00,1.060924974717837088e+00
5.863427448623894644e-01,5.863427448623894644e-01
7.553407293956811985e-01,7.553407293956811985e-01
1.872371696550200637e+00,1.872371696550200637e+00
1.021679732300693512e-02,1.021679732300693512e-02
-1.714041990621530509e+00,-1.714041990621530509e+00
2.160208935386670248e+00,2.160208935386670248e+00
1.736811014344046056e+00,1.736811014344046056e+00
1.321762666049598023e+00,1.321762666049598023e+00
5.552408716117540610e-01,5.552408716117540610e-01
-7.714378960449378431e-01,-7.714378960449378431e-01
-1.506177815716497559e+00,-1.506177815716497559e+00
1.058243974281912081e+00,1.058243974281912081e+00
-1.146198728657622068e+00,-1.146198728657622068e+00
3.112572769695475472e+00,3.112572769695475472e+00
3.674034034221516642e-01,3.674034034221516642e-01
-1.361437061680860428e+00,-1.361437061680860428e+00
7.205266951096148675e-01,7.205266951096148675e-01
-1.277640367605379135e+00,-1.277640367605379135e+00
7.360441881485556559e-01,7.360441881485556559e-01
-4.958686231120242871e-01,-4.958686231120242871e-01
5.293783832135194878e-01,5.293783832135194878e-01
-4.616788614948699188e-01,-4.616788614948699188e-01
-1.584311513788917658e+00,-1.584311513788917658e+00
-1.806623015506767072e+00,-1.806623015506767072e+00
6.597721840023469675e-02,6.597721840023469675e-02
-8.117309880358912766e-01,-8.117309880358912766e-01
9.390702955301358790e-01,9.390702955301358790e-01
2.780278813673732863e+00,2.780278813673732863e+00
5.168818970759293530e-01,5.168818970759293530e-01
-1.136611774605172709e+00,-1.136611774605172709e+00
3.505036021150504388e-01,3.505036021150504388e-01
2.689241741533138885e+00,2.689241741533138885e+00
7.616168397416478442e-01,7.616168397416478442e-01
1.894984663520490609e-01,1.894984663520490609e-01
2.243593165222378172e+00,2.243593165222378172e+00
-1.455433829859271722e+00,-1.455433829859271722e+00
6.346342733480045406e-02,6.346342733480045406e-02
3.955957388800711017e-01,3.955957388800711017e-01
7.944911916785772632e-02,7.944911916785772632e-02
4.618014832219255461e-01,4.618014832219255461e-01
2.449813065185010519e+00,2.449813065185010519e+00
-1.581179032071378110e+00,-1.581179032071378110e+00
1.966151091405454521e+00,1.966151091405454521e+00
-4.308556724308831853e-02,-4.308556724308831853e-02
1.119031971782412427e+00,1.119031971782412427e+00
-1.212694315512214960e+00,-1.212694315512214960e+00
9.092782727732819925e-01,9.092782727732819925e-01
3.867445266051474650e-01,3.867445266051474650e-01
-1.597900465681961091e+00,-1.597900465681961091e+00
-1.242826339026887883e+00,-1.242826339026887883e+00
-1.290995228662732197e+00,-1.290995228662732197e+00
1.585169883001115831e+00,1.585169883001115831e+00
4.077466536581962897e-01,4.077466536581962897e-01
-1.814554547705969911e+00,-1.814554547705969911e+00
-1.153617480126858830e+00,-1.153617480126858830e+00
4.117988211590526970e-01,4.117988211590526970e-01
-1.366564971717082688e+00,-1.366564971717082688e+00
1.255668402231528535e+00,1.255668402231528535e+00
1.598569754064285350e-02,1.598569754064285350e-02
1.342764787395051007e+00,1.342764787395051007e+00
-6.739457916554688843e+00,-6.739457916554688843e+00
-3.331523252338890462e-01,-3.331523252338890462e-01
2.446496645169286221e+00,2.446496645169286221e+00
1.309093394232285767e+00,1.309093394232285767e+00
-3.121502038884465535e-01,-3.121502038884465535e-01
-1.413769582218568521e+00,-1.413769582218568521e+00
-5.002719382815561389e-01,-5.002719382815561389e-01
-1.139788815428209312e-01,-1.139788815428209312e-01
2.802457016875107287e-01,2.802457016875107287e-01
3.340987596079528110e+00,3.340987596079528110e+00
2.178585790850509962e+00,2.178585790850509962e+00
-5.753233185890924695e-01,-5.753233185890924695e-01
8.785052590771847969e-01,8.785052590771847969e-01
1.987955835993767684e-01,1.987955835993767684e-01
1.188660034646959351e+00,1.188660034646959351e+00
-1.382829353444405385e+00,-1.382829353444405385e+00
2.449133046546718984e-01,2.449133046546718984e-01
-6.849100375808337970e-01,-6.849100375808337970e-01
-5.564894055344274393e-02,-5.564894055344274393e-02
4.000436474006132670e-01,4.000436474006132670e-01
-1.349676317320796182e+00,-1.349676317320796182e+00
3.175177810695383740e-01,3.175177810695383740e-01
3.103164200462259492e-01,3.103164200462259492e-01
-1.383514936976860676e+00,-1.383514936976860676e+00
-3.364074286784947687e-01,-3.364074286784947687e-01
6.315463564436198940e-01,6.315463564436198940e-01
1.046193393116684467e+00,1.046193393116684467e+00
9.709803740402821459e-01,9.709803740402821459e-01
3.805241565210784604e-01,3.805241565210784604e-01
-5.872568771668068566e-02,-5.872568771668068566e-02
6.717558266266647482e-02,6.717558266266647482e-02
-1.611823847731198800e+00,-1.611823847731198800e+00
3.062140885927343015e-01,3.062140885927343015e-01
-5.224111187334828932e-01,-5.224111187334828932e-01
2.333197810802694894e-01,2.333197810802694894e-01
-2.821798191426290181e-01,-2.821798191426290181e-01
2.229530569502355397e-03,2.229530569502355397e-03
1.708819323281579594e-01,1.708819323281579594e-01
-5.399351870019207800e-01,-5.399351870019207800e-01
9.523080997544830506e-01,9.523080997544830506e-01
1.559887062505746491e-01,1.559887062505746491e-01
-5.573366278357486658e-01,-5.573366278357486658e-01
2.660826467857971278e-01,2.660826467857971278e-01
5.918273959992023658e-02,5.918273959992023658e-02
-1.404121317302596594e+00,-1.404121317302596594e+00
9.298233650657856952e-02,9.298233650657856952e-02
-7.567676253072974646e-01,-7.567676253072974646e-01
3.917052215632724765e-01,3.917052215632724765e-01
-2.990238744802780624e-01,-2.990238744802780624e-01
-1.806673179459412859e+00,-1.806673179459412859e+00
6.511215875850316914e-01,6.511215875850316914e-01
5.782384212758789888e-01,5.782384212758789888e-01
-7.525538190376167558e-01,-7.525538190376167558e-01
-4.884554536596044105e-01,-4.884554536596044105e-01
4.171663926325692717e-01,4.171663926325692717e-01
-9.861634369230286579e-01,-9.861634369230286579e-01
5.171048467083282363e-01,5.171048467083282363e-01
2.651128027574099488e-01,2.651128027574099488e-01
1.623183280469890022e+00,1.623183280469890022e+00
-3.834894231605417980e-01,-3.834894231605417980e-01
4.684231706349220037e-01,4.684231706349220037e-01
1.735016276081563502e-01,1.735016276081563502e-01
9.909123177443775188e-02,9.909123177443775188e-02
5.813709029934186479e-01,5.813709029934186479e-01
-4.986109401190679247e-01,-4.986109401190679247e-01
1.121450977006210742e-01,1.121450977006210742e-01
-8.135536192596389826e-01,-8.135536192596389826e-01
9.219419739889692655e-01,9.219419739889692655e-01
6.659033388464259406e-01,6.659033388464259406e-01
2.240226581253977056e-01,2.240226581253977056e-01
-4.104265433983623090e+00,-4.104265433983623090e+00
5.500683739321071464e+00,5.500683739321071464e+00
-3.374274423671339562e-01,-3.374274423671339562e-01
1.145284630598707887e+00,1.145284630598707887e+00
9.380948809001029565e-01,9.380948809001029565e-01
-3.761319939700091819e-01,-3.761319939700091819e-01
1.470282468293430345e+00,1.470282468293430345e+00
-4.852003502149779268e-01,-4.852003502149779268e-01
-2.223059254086078018e-01,-2.223059254086078018e-01
5.273718136915871435e-01,5.273718136915871435e-01
1.022861413296386024e+00,1.022861413296386024e+00
-5.689858916720176296e-01,-5.689858916720176296e-01
-4.887452904647467955e-01,-4.887452904647467955e-01
6.123055611659465880e-01,6.123055611659465880e-01
-1.293347415204710027e-01,-1.293347415204710027e-01
1.367824652550591491e+00,1.367824652550591491e+00
9.462660916593673699e-01,9.462660916593673699e-01
1.962494664924325560e+00,1.962494664924325560e+00
-3.599233410894026597e-01,-3.599233410894026597e-01
-5.282413241070559318e-01,-5.282413241070559318e-01
1.255668402231528702e-01,1.255668402231528702e-01
1.024165687480967479e+00,1.024165687480967479e+00
-8.585900271779435267e-01,-8.585900271779435267e-01
-5.197914291610701287e-01,-5.197914291610701287e-01
-1.731449002056983266e+00,-1.731449002056983266e+00
1.731794579124033673e+00,1.731794579124033673e+00
-1.190309880190984826e+00,-1.190309880190984826e+00
-3.207060030489653490e-01,-3.207060030489653490e-01
-3.336149534263702643e-01,-3.336149534263702643e-01
-7.146964897360419400e-01,-7.146964897360419400e-01
-1.623740660258462531e+00,-1.623740660258462531e+00
1.877048125304797699e+00,1.877048125304797699e+00
-1.351537942756022015e-01,-1.351537942756022015e-01
9.670898510158979500e-01,9.670898510158979500e-01
4.165421313787974200e-01,4.165421313787974200e-01
-1.287639785897622513e+00,-1.287639785897622513e+00
6.109455467195192835e-01,6.109455467195192835e-01
-5.205940695266351309e-02,-5.205940695266351309e-02
1.567879916983497823e+00,1.567879916983497823e+00
1.695375298352548077e+00,1.695375298352548077e+00
-1.993083757445036353e-01,-1.993083757445036353e-01
-2.285820357545641501e-01,-2.285820357545641501e-01
